owner,repo,tag,asset_download_url,os,arch,mime,has_exec_binary
kubernetes,kubernetes,v1.30.2,https://dl.k8s.io/release/v1.30.2/bin/darwin/amd64/kubectl,darwin,amd64,,TRUE
kubernetes,kubernetes,v1.30.2,https://dl.k8s.io/release/v1.30.2/bin/darwin/arm64/kubectl,darwin,arm64,,TRUE
kubernetes,kubernetes,v1.30.2,https://dl.k8s.io/release/v1.30.2/bin/linux/amd64/kubectl,linux,amd64,,TRUE
kubernetes,kubernetes,v1.30.2,https://dl.k8s.io/release/v1.30.2/bin/linux/arm64/kubectl,linux,arm64,,TRUE
kubernetes,kubernetes,v1.30.2,https://dl.k8s.io/release/v1.30.2/bin/windows/amd64/kubectl.exe,windows,amd64,,TRUE
helm,helm,v3.15.2,https://get.helm.sh/helm-v3.15.2-darwin-amd64.tar.gz,darwin,amd64,application/gzip,TRUE
helm,helm,v3.15.2,https://get.helm.sh/helm-v3.15.2-darwin-arm64.tar.gz,darwin,arm64,application/gzip,TRUE
helm,helm,v3.15.2,https://get.helm.sh/helm-v3.15.2-linux-386.tar.gz,linux,386,application/gzip,TRUE
helm,helm,v3.15.2,https://get.helm.sh/helm-v3.15.2-linux-amd64.tar.gz,linux,amd64,application/gzip,TRUE
helm,helm,v3.15.2,https://get.helm.sh/helm-v3.15.2-linux-arm.tar.gz,linux,arm,application/gzip,TRUE
helm,helm,v3.15.2,https://get.helm.sh/helm-v3.15.2-linux-arm64.tar.gz,linux,arm64,application/gzip,TRUE
helm,helm,v3.15.2,https://get.helm.sh/helm-v3.15.2-linux-ppc64le.tar.gz,linux,ppc64le,application/gzip,TRUE
helm,helm,v3.15.2,https://get.helm.sh/helm-v3.15.2-linux-riscv64.tar.gz,linux,riscv64,application/gzip,TRUE
helm,helm,v3.15.2,https://get.helm.sh/helm-v3.15.2-linux-s390x.tar.gz,linux,s390x,application/gzip,TRUE
helm,helm,v3.15.2,https://get.helm.sh/helm-v3.15.2-windows-amd64.zip,windows,amd64,,TRUE
aquasecurity,tfsec,v1.28.10,https://github.com/aquasecurity/tfsec/releases/download/v1.28.10/tfsec_1.28.10_checksums.txt,,,,FALSE
aquasecurity,tfsec,v1.28.10,https://github.com/aquasecurity/tfsec/releases/download/v1.28.10/tfsec_1.28.10_darwin_amd64.tar.gz,darwin,amd64,application/gzip,TRUE
aquasecurity,tfsec,v1.28.10,https://github.com/aquasecurity/tfsec/releases/download/v1.28.10/tfsec_1.28.10_darwin_arm64.tar.gz,darwin,arm64,application/gzip,TRUE
aquasecurity,tfsec,v1.28.10,https://github.com/aquasecurity/tfsec/releases/download/v1.28.10/tfsec_1.28.10_linux_amd64.tar.gz,linux,amd64,application/gzip,TRUE
aquasecurity,tfsec,v1.28.10,https://github.com/aquasecurity/tfsec/releases/download/v1.28.10/tfsec_1.28.10_linux_arm64.tar.gz,linux,arm64,application/gzip,TRUE
aquasecurity,tfsec,v1.28.10,https://github.com/aquasecurity/tfsec/releases/download/v1.28.10/tfsec_1.28.10_windows_amd64.tar.gz,windows,amd64,application/gzip,TRUE
aquasecurity,tfsec,v1.28.10,https://github.com/aquasecurity/tfsec/releases/download/v1.28.10/tfsec_1.28.10_windows_arm64.tar.gz,windows,arm64,application/gzip,TRUE
aquasecurity,tfsec,v1.28.10,https://github.com/aquasecurity/tfsec/releases/download/v1.28.10/tfsec_checksums.txt,,,,FALSE
aquasecurity,tfsec,v1.28.10,https://github.com/aquasecurity/tfsec/releases/download/v1.28.10/tfsec-checkgen-darwin-amd64,,,,FALSE
aquasecurity,tfsec,v1.28.10,https://github.com/aquasecurity/tfsec/releases/download/v1.28.10/tfsec-checkgen-darwin-amd64.D66B222A3EA4C25D5D1A097FC34ACEFB46EC39CE.sig,,,,FALSE
aquasecurity,tfsec,v1.28.10,https://github.com/aquasecurity/tfsec/releases/download/v1.28.10/tfsec-checkgen-darwin-arm64,,,,FALSE
aquasecurity,tfsec,v1.28.10,https://github.com/aquasecurity/tfsec/releases/download/v1.28.10/tfsec-checkgen-darwin-arm64.D66B222A3EA4C25D5D1A097FC34ACEFB46EC39CE.sig,,,,FALSE
aquasecurity,tfsec,v1.28.10,https://github.com/aquasecurity/tfsec/releases/download/v1.28.10/tfsec-checkgen-linux-amd64,,,,FALSE
aquasecurity,tfsec,v1.28.10,https://github.com/aquasecurity/tfsec/releases/download/v1.28.10/tfsec-checkgen-linux-amd64.D66B222A3EA4C25D5D1A097FC34ACEFB46EC39CE.sig,,,,FALSE
aquasecurity,tfsec,v1.28.10,https://github.com/aquasecurity/tfsec/releases/download/v1.28.10/tfsec-checkgen-linux-arm64,,,,FALSE
aquasecurity,tfsec,v1.28.10,https://github.com/aquasecurity/tfsec/releases/download/v1.28.10/tfsec-checkgen-linux-arm64.D66B222A3EA4C25D5D1A097FC34ACEFB46EC39CE.sig,,,,FALSE
aquasecurity,tfsec,v1.28.10,https://github.com/aquasecurity/tfsec/releases/download/v1.28.10/tfsec-checkgen-windows-amd64.exe,,,,FALSE
aquasecurity,tfsec,v1.28.10,https://github.com/aquasecurity/tfsec/releases/download/v1.28.10/tfsec-checkgen-windows-amd64.exe.D66B222A3EA4C25D5D1A097FC34ACEFB46EC39CE.sig,,,,FALSE
aquasecurity,tfsec,v1.28.10,https://github.com/aquasecurity/tfsec/releases/download/v1.28.10/tfsec-checkgen-windows-arm64.exe,,,,FALSE
aquasecurity,tfsec,v1.28.10,https://github.com/aquasecurity/tfsec/releases/download/v1.28.10/tfsec-checkgen-windows-arm64.exe.D66B222A3EA4C25D5D1A097FC34ACEFB46EC39CE.sig,,,,FALSE
aquasecurity,tfsec,v1.28.10,https://github.com/aquasecurity/tfsec/releases/download/v1.28.10/tfsec-darwin-amd64,darwin,amd64,,TRUE
aquasecurity,tfsec,v1.28.10,https://github.com/aquasecurity/tfsec/releases/download/v1.28.10/tfsec-darwin-amd64.D66B222A3EA4C25D5D1A097FC34ACEFB46EC39CE.sig,,,,FALSE
aquasecurity,tfsec,v1.28.10,https://github.com/aquasecurity/tfsec/releases/download/v1.28.10/tfsec-darwin-arm64,darwin,arm64,,TRUE
aquasecurity,tfsec,v1.28.10,https://github.com/aquasecurity/tfsec/releases/download/v1.28.10/tfsec-darwin-arm64.D66B222A3EA4C25D5D1A097FC34ACEFB46EC39CE.sig,,,,FALSE
aquasecurity,tfsec,v1.28.10,https://github.com/aquasecurity/tfsec/releases/download/v1.28.10/tfsec-linux-amd64,linux,amd64,,TRUE
aquasecurity,tfsec,v1.28.10,https://github.com/aquasecurity/tfsec/releases/download/v1.28.10/tfsec-linux-amd64.D66B222A3EA4C25D5D1A097FC34ACEFB46EC39CE.sig,,,,FALSE
aquasecurity,tfsec,v1.28.10,https://github.com/aquasecurity/tfsec/releases/download/v1.28.10/tfsec-linux-arm64,linux,arm64,,TRUE
aquasecurity,tfsec,v1.28.10,https://github.com/aquasecurity/tfsec/releases/download/v1.28.10/tfsec-linux-arm64.D66B222A3EA4C25D5D1A097FC34ACEFB46EC39CE.sig,,,,FALSE
aquasecurity,tfsec,v1.28.10,https://github.com/aquasecurity/tfsec/releases/download/v1.28.10/tfsec-windows-amd64.exe,windows,amd64,,TRUE
aquasecurity,tfsec,v1.28.10,https://github.com/aquasecurity/tfsec/releases/download/v1.28.10/tfsec-windows-amd64.exe.D66B222A3EA4C25D5D1A097FC34ACEFB46EC39CE.sig,,,,FALSE
aquasecurity,tfsec,v1.28.10,https://github.com/aquasecurity/tfsec/releases/download/v1.28.10/tfsec-windows-arm64.exe,windows,arm64,,TRUE
aquasecurity,tfsec,v1.28.10,https://github.com/aquasecurity/tfsec/releases/download/v1.28.10/tfsec-windows-arm64.exe.D66B222A3EA4C25D5D1A097FC34ACEFB46EC39CE.sig,,,,FALSE
aquasecurity,trivy,v0.53.0,https://github.com/aquasecurity/trivy/releases/download/v0.53.0/bom.json,,,,FALSE
aquasecurity,trivy,v0.53.0,https://github.com/aquasecurity/trivy/releases/download/v0.53.0/trivy_0.53.0_checksums.txt,,,,FALSE
aquasecurity,trivy,v0.53.0,https://github.com/aquasecurity/trivy/releases/download/v0.53.0/trivy_0.53.0_checksums.txt.pem,,,,FALSE
aquasecurity,trivy,v0.53.0,https://github.com/aquasecurity/trivy/releases/download/v0.53.0/trivy_0.53.0_checksums.txt.sig,,,,FALSE
aquasecurity,trivy,v0.53.0,https://github.com/aquasecurity/trivy/releases/download/v0.53.0/trivy_0.53.0_FreeBSD-32bit.tar.gz,freebsd,386,application/gzip,TRUE
aquasecurity,trivy,v0.53.0,https://github.com/aquasecurity/trivy/releases/download/v0.53.0/trivy_0.53.0_FreeBSD-32bit.tar.gz.pem,,,,FALSE
aquasecurity,trivy,v0.53.0,https://github.com/aquasecurity/trivy/releases/download/v0.53.0/trivy_0.53.0_FreeBSD-32bit.tar.gz.sig,,,,FALSE
aquasecurity,trivy,v0.53.0,https://github.com/aquasecurity/trivy/releases/download/v0.53.0/trivy_0.53.0_FreeBSD-64bit.tar.gz,freebsd,amd64,application/gzip,TRUE
aquasecurity,trivy,v0.53.0,https://github.com/aquasecurity/trivy/releases/download/v0.53.0/trivy_0.53.0_FreeBSD-64bit.tar.gz.pem,,,,FALSE
aquasecurity,trivy,v0.53.0,https://github.com/aquasecurity/trivy/releases/download/v0.53.0/trivy_0.53.0_FreeBSD-64bit.tar.gz.sig,,,,FALSE
aquasecurity,trivy,v0.53.0,https://github.com/aquasecurity/trivy/releases/download/v0.53.0/trivy_0.53.0_Linux-32bit.deb,,,,FALSE
aquasecurity,trivy,v0.53.0,https://github.com/aquasecurity/trivy/releases/download/v0.53.0/trivy_0.53.0_Linux-32bit.deb.pem,,,,FALSE
aquasecurity,trivy,v0.53.0,https://github.com/aquasecurity/trivy/releases/download/v0.53.0/trivy_0.53.0_Linux-32bit.deb.sig,,,,FALSE
aquasecurity,trivy,v0.53.0,https://github.com/aquasecurity/trivy/releases/download/v0.53.0/trivy_0.53.0_Linux-32bit.rpm,,,,FALSE
aquasecurity,trivy,v0.53.0,https://github.com/aquasecurity/trivy/releases/download/v0.53.0/trivy_0.53.0_Linux-32bit.rpm.pem,,,,FALSE
aquasecurity,trivy,v0.53.0,https://github.com/aquasecurity/trivy/releases/download/v0.53.0/trivy_0.53.0_Linux-32bit.rpm.sig,,,,FALSE
aquasecurity,trivy,v0.53.0,https://github.com/aquasecurity/trivy/releases/download/v0.53.0/trivy_0.53.0_Linux-32bit.tar.gz,linux,386,application/gzip,TRUE
aquasecurity,trivy,v0.53.0,https://github.com/aquasecurity/trivy/releases/download/v0.53.0/trivy_0.53.0_Linux-32bit.tar.gz.pem,,,,FALSE
aquasecurity,trivy,v0.53.0,https://github.com/aquasecurity/trivy/releases/download/v0.53.0/trivy_0.53.0_Linux-32bit.tar.gz.sig,,,,FALSE
aquasecurity,trivy,v0.53.0,https://github.com/aquasecurity/trivy/releases/download/v0.53.0/trivy_0.53.0_Linux-64bit.deb,,,,FALSE
aquasecurity,trivy,v0.53.0,https://github.com/aquasecurity/trivy/releases/download/v0.53.0/trivy_0.53.0_Linux-64bit.deb.pem,,,,FALSE
aquasecurity,trivy,v0.53.0,https://github.com/aquasecurity/trivy/releases/download/v0.53.0/trivy_0.53.0_Linux-64bit.deb.sig,,,,FALSE
aquasecurity,trivy,v0.53.0,https://github.com/aquasecurity/trivy/releases/download/v0.53.0/trivy_0.53.0_Linux-64bit.rpm,,,,FALSE
aquasecurity,trivy,v0.53.0,https://github.com/aquasecurity/trivy/releases/download/v0.53.0/trivy_0.53.0_Linux-64bit.rpm.pem,,,,FALSE
aquasecurity,trivy,v0.53.0,https://github.com/aquasecurity/trivy/releases/download/v0.53.0/trivy_0.53.0_Linux-64bit.rpm.sig,,,,FALSE
aquasecurity,trivy,v0.53.0,https://github.com/aquasecurity/trivy/releases/download/v0.53.0/trivy_0.53.0_Linux-64bit.tar.gz,linux,amd64,application/gzip,TRUE
aquasecurity,trivy,v0.53.0,https://github.com/aquasecurity/trivy/releases/download/v0.53.0/trivy_0.53.0_Linux-64bit.tar.gz.pem,,,,FALSE
aquasecurity,trivy,v0.53.0,https://github.com/aquasecurity/trivy/releases/download/v0.53.0/trivy_0.53.0_Linux-64bit.tar.gz.sig,,,,FALSE
aquasecurity,trivy,v0.53.0,https://github.com/aquasecurity/trivy/releases/download/v0.53.0/trivy_0.53.0_Linux-ARM.deb,,,,FALSE
aquasecurity,trivy,v0.53.0,https://github.com/aquasecurity/trivy/releases/download/v0.53.0/trivy_0.53.0_Linux-ARM.deb.pem,,,,FALSE
aquasecurity,trivy,v0.53.0,https://github.com/aquasecurity/trivy/releases/download/v0.53.0/trivy_0.53.0_Linux-ARM.deb.sig,,,,FALSE
aquasecurity,trivy,v0.53.0,https://github.com/aquasecurity/trivy/releases/download/v0.53.0/trivy_0.53.0_Linux-ARM.rpm,,,,FALSE
aquasecurity,trivy,v0.53.0,https://github.com/aquasecurity/trivy/releases/download/v0.53.0/trivy_0.53.0_Linux-ARM.rpm.pem,,,,FALSE
aquasecurity,trivy,v0.53.0,https://github.com/aquasecurity/trivy/releases/download/v0.53.0/trivy_0.53.0_Linux-ARM.rpm.sig,,,,FALSE
aquasecurity,trivy,v0.53.0,https://github.com/aquasecurity/trivy/releases/download/v0.53.0/trivy_0.53.0_Linux-ARM.tar.gz,linux,arm,application/gzip,TRUE
aquasecurity,trivy,v0.53.0,https://github.com/aquasecurity/trivy/releases/download/v0.53.0/trivy_0.53.0_Linux-ARM.tar.gz.pem,,,,FALSE
aquasecurity,trivy,v0.53.0,https://github.com/aquasecurity/trivy/releases/download/v0.53.0/trivy_0.53.0_Linux-ARM.tar.gz.sig,,,,FALSE
aquasecurity,trivy,v0.53.0,https://github.com/aquasecurity/trivy/releases/download/v0.53.0/trivy_0.53.0_Linux-ARM64.deb,,,,FALSE
aquasecurity,trivy,v0.53.0,https://github.com/aquasecurity/trivy/releases/download/v0.53.0/trivy_0.53.0_Linux-ARM64.deb.pem,,,,FALSE
aquasecurity,trivy,v0.53.0,https://github.com/aquasecurity/trivy/releases/download/v0.53.0/trivy_0.53.0_Linux-ARM64.deb.sig,,,,FALSE
aquasecurity,trivy,v0.53.0,https://github.com/aquasecurity/trivy/releases/download/v0.53.0/trivy_0.53.0_Linux-ARM64.rpm,,,,FALSE
aquasecurity,trivy,v0.53.0,https://github.com/aquasecurity/trivy/releases/download/v0.53.0/trivy_0.53.0_Linux-ARM64.rpm.pem,,,,FALSE
aquasecurity,trivy,v0.53.0,https://github.com/aquasecurity/trivy/releases/download/v0.53.0/trivy_0.53.0_Linux-ARM64.rpm.sig,,,,FALSE
aquasecurity,trivy,v0.53.0,https://github.com/aquasecurity/trivy/releases/download/v0.53.0/trivy_0.53.0_Linux-ARM64.tar.gz,linux,arm64,application/gzip,TRUE
aquasecurity,trivy,v0.53.0,https://github.com/aquasecurity/trivy/releases/download/v0.53.0/trivy_0.53.0_Linux-ARM64.tar.gz.pem,,,,FALSE
aquasecurity,trivy,v0.53.0,https://github.com/aquasecurity/trivy/releases/download/v0.53.0/trivy_0.53.0_Linux-ARM64.tar.gz.sig,,,,FALSE
aquasecurity,trivy,v0.53.0,https://github.com/aquasecurity/trivy/releases/download/v0.53.0/trivy_0.53.0_Linux-PPC64LE.deb,,,,FALSE
aquasecurity,trivy,v0.53.0,https://github.com/aquasecurity/trivy/releases/download/v0.53.0/trivy_0.53.0_Linux-PPC64LE.deb.pem,,,,FALSE
aquasecurity,trivy,v0.53.0,https://github.com/aquasecurity/trivy/releases/download/v0.53.0/trivy_0.53.0_Linux-PPC64LE.deb.sig,,,,FALSE
aquasecurity,trivy,v0.53.0,https://github.com/aquasecurity/trivy/releases/download/v0.53.0/trivy_0.53.0_Linux-PPC64LE.rpm,,,,FALSE
aquasecurity,trivy,v0.53.0,https://github.com/aquasecurity/trivy/releases/download/v0.53.0/trivy_0.53.0_Linux-PPC64LE.rpm.pem,,,,FALSE
aquasecurity,trivy,v0.53.0,https://github.com/aquasecurity/trivy/releases/download/v0.53.0/trivy_0.53.0_Linux-PPC64LE.rpm.sig,,,,FALSE
aquasecurity,trivy,v0.53.0,https://github.com/aquasecurity/trivy/releases/download/v0.53.0/trivy_0.53.0_Linux-PPC64LE.tar.gz,linux,ppc64le,application/gzip,TRUE
aquasecurity,trivy,v0.53.0,https://github.com/aquasecurity/trivy/releases/download/v0.53.0/trivy_0.53.0_Linux-PPC64LE.tar.gz.pem,,,,FALSE
aquasecurity,trivy,v0.53.0,https://github.com/aquasecurity/trivy/releases/download/v0.53.0/trivy_0.53.0_Linux-PPC64LE.tar.gz.sig,,,,FALSE
aquasecurity,trivy,v0.53.0,https://github.com/aquasecurity/trivy/releases/download/v0.53.0/trivy_0.53.0_Linux-s390x.deb,,,,FALSE
aquasecurity,trivy,v0.53.0,https://github.com/aquasecurity/trivy/releases/download/v0.53.0/trivy_0.53.0_Linux-s390x.deb.pem,,,,FALSE
aquasecurity,trivy,v0.53.0,https://github.com/aquasecurity/trivy/releases/download/v0.53.0/trivy_0.53.0_Linux-s390x.deb.sig,,,,FALSE
aquasecurity,trivy,v0.53.0,https://github.com/aquasecurity/trivy/releases/download/v0.53.0/trivy_0.53.0_Linux-s390x.rpm,,,,FALSE
aquasecurity,trivy,v0.53.0,https://github.com/aquasecurity/trivy/releases/download/v0.53.0/trivy_0.53.0_Linux-s390x.rpm.pem,,,,FALSE
aquasecurity,trivy,v0.53.0,https://github.com/aquasecurity/trivy/releases/download/v0.53.0/trivy_0.53.0_Linux-s390x.rpm.sig,,,,FALSE
aquasecurity,trivy,v0.53.0,https://github.com/aquasecurity/trivy/releases/download/v0.53.0/trivy_0.53.0_Linux-s390x.tar.gz,linux,s390x,application/gzip,TRUE
aquasecurity,trivy,v0.53.0,https://github.com/aquasecurity/trivy/releases/download/v0.53.0/trivy_0.53.0_Linux-s390x.tar.gz.pem,,,,FALSE
aquasecurity,trivy,v0.53.0,https://github.com/aquasecurity/trivy/releases/download/v0.53.0/trivy_0.53.0_Linux-s390x.tar.gz.sig,,,,FALSE
aquasecurity,trivy,v0.53.0,https://github.com/aquasecurity/trivy/releases/download/v0.53.0/trivy_0.53.0_macOS-64bit.tar.gz,darwin,amd64,application/gzip,TRUE
aquasecurity,trivy,v0.53.0,https://github.com/aquasecurity/trivy/releases/download/v0.53.0/trivy_0.53.0_macOS-64bit.tar.gz.pem,,,,FALSE
aquasecurity,trivy,v0.53.0,https://github.com/aquasecurity/trivy/releases/download/v0.53.0/trivy_0.53.0_macOS-64bit.tar.gz.sig,,,,FALSE
aquasecurity,trivy,v0.53.0,https://github.com/aquasecurity/trivy/releases/download/v0.53.0/trivy_0.53.0_macOS-ARM64.tar.gz,darwin,arm64,application/gzip,TRUE
aquasecurity,trivy,v0.53.0,https://github.com/aquasecurity/trivy/releases/download/v0.53.0/trivy_0.53.0_macOS-ARM64.tar.gz.pem,,,,FALSE
aquasecurity,trivy,v0.53.0,https://github.com/aquasecurity/trivy/releases/download/v0.53.0/trivy_0.53.0_macOS-ARM64.tar.gz.sig,,,,FALSE
aquasecurity,trivy,v0.53.0,https://github.com/aquasecurity/trivy/releases/download/v0.53.0/trivy_0.53.0_windows-64bit.zip,windows,amd64,,TRUE
aquasecurity,trivy,v0.53.0,https://github.com/aquasecurity/trivy/releases/download/v0.53.0/trivy_0.53.0_windows-64bit.zip.pem,,,,FALSE
aquasecurity,trivy,v0.53.0,https://github.com/aquasecurity/trivy/releases/download/v0.53.0/trivy_0.53.0_windows-64bit.zip.sig,,,,FALSE
aquasecurity,trivy,v0.53.0,https://github.com/argoproj/argo-cd/releases/download/v2.9.18/argocd-cli.intoto.jsonl,,,,FALSE
argoproj,argo-cd,v2.9.18,https://github.com/argoproj/argo-cd/releases/download/v2.9.18/argocd-darwin-amd64,darwin,amd64,,TRUE
argoproj,argo-cd,v2.9.18,https://github.com/argoproj/argo-cd/releases/download/v2.9.18/argocd-darwin-arm64,darwin,arm64,,TRUE
argoproj,argo-cd,v2.9.18,https://github.com/argoproj/argo-cd/releases/download/v2.9.18/argocd-linux-amd64,linux,amd64,,TRUE
argoproj,argo-cd,v2.9.18,https://github.com/argoproj/argo-cd/releases/download/v2.9.18/argocd-linux-arm64,linux,arm64,,TRUE
argoproj,argo-cd,v2.9.18,https://github.com/argoproj/argo-cd/releases/download/v2.9.18/argocd-linux-ppc64le,linux,ppc64le,,TRUE
argoproj,argo-cd,v2.9.18,https://github.com/argoproj/argo-cd/releases/download/v2.9.18/argocd-linux-s390x,linux,s390x,,TRUE
argoproj,argo-cd,v2.9.18,https://github.com/argoproj/argo-cd/releases/download/v2.9.18/argocd-sbom.intoto.jsonl,,,,FALSE
argoproj,argo-cd,v2.9.18,https://github.com/argoproj/argo-cd/releases/download/v2.9.18/argocd-windows-amd64.exe,windows,amd64,,TRUE
argoproj,argo-cd,v2.9.18,https://github.com/argoproj/argo-cd/releases/download/v2.9.18/cli_checksums.txt,,,,FALSE
argoproj,argo-cd,v2.9.18,https://github.com/argoproj/argo-cd/releases/download/v2.9.18/sbom.tar.gz,,,application/gzip,FALSE
argoproj,argo-rollouts,v1.7.1,https://github.com/argoproj/argo-rollouts/releases/download/v1.7.1/argo-rollouts-checksums.txt,,,,FALSE
argoproj,argo-rollouts,v1.7.1,https://github.com/argoproj/argo-rollouts/releases/download/v1.7.1/argo-rollouts.intoto.jsonl,,,,FALSE
argoproj,argo-rollouts,v1.7.1,https://github.com/argoproj/argo-rollouts/releases/download/v1.7.1/dashboard-install.yaml,,,,FALSE
argoproj,argo-rollouts,v1.7.1,https://github.com/argoproj/argo-rollouts/releases/download/v1.7.1/install.yaml,,,,FALSE
argoproj,argo-rollouts,v1.7.1,https://github.com/argoproj/argo-rollouts/releases/download/v1.7.1/kubectl-argo-rollouts-darwin-amd64,darwin,amd64,,TRUE
argoproj,argo-rollouts,v1.7.1,https://github.com/argoproj/argo-rollouts/releases/download/v1.7.1/kubectl-argo-rollouts-darwin-arm64,darwin,arm64,,TRUE
argoproj,argo-rollouts,v1.7.1,https://github.com/argoproj/argo-rollouts/releases/download/v1.7.1/kubectl-argo-rollouts-linux-amd64,linux,amd64,,TRUE
argoproj,argo-rollouts,v1.7.1,https://github.com/argoproj/argo-rollouts/releases/download/v1.7.1/kubectl-argo-rollouts-linux-arm64,linux,arm64,,TRUE
argoproj,argo-rollouts,v1.7.1,https://github.com/argoproj/argo-rollouts/releases/download/v1.7.1/kubectl-argo-rollouts-windows-amd64,windows,amd64,,TRUE
argoproj,argo-rollouts,v1.7.1,https://github.com/argoproj/argo-rollouts/releases/download/v1.7.1/namespace-install.yaml,,,,FALSE
argoproj,argo-rollouts,v1.7.1,https://github.com/argoproj/argo-rollouts/releases/download/v1.7.1/notifications-install.yaml,,,,FALSE
argoproj,argo-rollouts,v1.7.1,https://github.com/argoproj/argo-rollouts/releases/download/v1.7.1/rollout_cr_schema.json,,,,FALSE
argoproj,argo-rollouts,v1.7.1,https://github.com/argoproj/argo-rollouts/releases/download/v1.7.1/sbom.tar.gz,,,application/gzip,FALSE
argoproj,argo-rollouts,v1.7.1,https://github.com/argoproj/argo-rollouts/releases/download/v1.7.1/sbom.tar.gz.pem,,,,FALSE
argoproj,argo-rollouts,v1.7.1,https://github.com/argoproj/argo-rollouts/releases/download/v1.7.1/sbom.tar.gz.sig,,,,FALSE
argoproj,argo-workflows,v3.5.8,https://github.com/argoproj/argo-workflows/releases/download/v3.5.8/argo-darwin-amd64.gz,darwin,amd64,,TRUE
argoproj,argo-workflows,v3.5.8,https://github.com/argoproj/argo-workflows/releases/download/v3.5.8/argo-darwin-arm64.gz,darwin,arm64,,TRUE
argoproj,argo-workflows,v3.5.8,https://github.com/argoproj/argo-workflows/releases/download/v3.5.8/argo-linux-amd64.gz,linux,amd64,,TRUE
argoproj,argo-workflows,v3.5.8,https://github.com/argoproj/argo-workflows/releases/download/v3.5.8/argo-linux-arm64.gz,linux,arm64,,TRUE
argoproj,argo-workflows,v3.5.8,https://github.com/argoproj/argo-workflows/releases/download/v3.5.8/argo-linux-ppc64le.gz,linux,ppc64le,,TRUE
argoproj,argo-workflows,v3.5.8,https://github.com/argoproj/argo-workflows/releases/download/v3.5.8/argo-linux-s390x.gz,linux,s390x,,TRUE
argoproj,argo-workflows,v3.5.8,https://github.com/argoproj/argo-workflows/releases/download/v3.5.8/argo-windows-amd64.exe.gz,windows,amd64,,TRUE
argoproj,argo-workflows,v3.5.8,https://github.com/argoproj/argo-workflows/releases/download/v3.5.8/argo-workflows-cli-checksums.sig,,,,FALSE
argoproj,argo-workflows,v3.5.8,https://github.com/argoproj/argo-workflows/releases/download/v3.5.8/argo-workflows-cli-checksums.txt,,,,FALSE
argoproj,argo-workflows,v3.5.8,https://github.com/argoproj/argo-workflows/releases/download/v3.5.8/argo-workflows-cosign.pub,,,,FALSE
argoproj,argo-workflows,v3.5.8,https://github.com/argoproj/argo-workflows/releases/download/v3.5.8/install.yaml,,,,FALSE
argoproj,argo-workflows,v3.5.8,https://github.com/argoproj/argo-workflows/releases/download/v3.5.8/namespace-install.yaml,,,,FALSE
argoproj,argo-workflows,v3.5.8,https://github.com/argoproj/argo-workflows/releases/download/v3.5.8/quick-start-minimal.yaml,,,,FALSE
argoproj,argo-workflows,v3.5.8,https://github.com/argoproj/argo-workflows/releases/download/v3.5.8/quick-start-mysql.yaml,,,,FALSE
argoproj,argo-workflows,v3.5.8,https://github.com/argoproj/argo-workflows/releases/download/v3.5.8/quick-start-postgres.yaml,,,,FALSE
argoproj,argo-workflows,v3.5.8,https://github.com/argoproj/argo-workflows/releases/download/v3.5.8/sbom.tar.gz,,,application/gzip,FALSE
aws,amazon-ec2-instance-selector,v2.4.1,https://github.com/aws/amazon-ec2-instance-selector/releases/download/v2.4.1/ec2-instance-selector-darwin-amd64,darwin,amd64,,TRUE
aws,amazon-ec2-instance-selector,v2.4.1,https://github.com/aws/amazon-ec2-instance-selector/releases/download/v2.4.1/ec2-instance-selector-darwin-amd64.tar.gz,darwin,amd64,application/gzip,TRUE
aws,amazon-ec2-instance-selector,v2.4.1,https://github.com/aws/amazon-ec2-instance-selector/releases/download/v2.4.1/ec2-instance-selector-darwin-arm64,darwin,arm64,,TRUE
aws,amazon-ec2-instance-selector,v2.4.1,https://github.com/aws/amazon-ec2-instance-selector/releases/download/v2.4.1/ec2-instance-selector-darwin-arm64.tar.gz,darwin,arm64,application/gzip,TRUE
aws,amazon-ec2-instance-selector,v2.4.1,https://github.com/aws/amazon-ec2-instance-selector/releases/download/v2.4.1/ec2-instance-selector-linux-amd64,linux,amd64,,TRUE
aws,amazon-ec2-instance-selector,v2.4.1,https://github.com/aws/amazon-ec2-instance-selector/releases/download/v2.4.1/ec2-instance-selector-linux-amd64.tar.gz,linux,amd64,application/gzip,TRUE
aws,amazon-ec2-instance-selector,v2.4.1,https://github.com/aws/amazon-ec2-instance-selector/releases/download/v2.4.1/ec2-instance-selector-linux-arm,linux,arm,,TRUE
aws,amazon-ec2-instance-selector,v2.4.1,https://github.com/aws/amazon-ec2-instance-selector/releases/download/v2.4.1/ec2-instance-selector-linux-arm.tar.gz,linux,arm,application/gzip,TRUE
aws,amazon-ec2-instance-selector,v2.4.1,https://github.com/aws/amazon-ec2-instance-selector/releases/download/v2.4.1/ec2-instance-selector-linux-arm64,linux,arm64,,TRUE
aws,amazon-ec2-instance-selector,v2.4.1,https://github.com/aws/amazon-ec2-instance-selector/releases/download/v2.4.1/ec2-instance-selector-linux-arm64.tar.gz,linux,arm64,application/gzip,TRUE
aws,amazon-ec2-instance-selector,v2.4.1,https://github.com/aws/amazon-ec2-instance-selector/releases/download/v2.4.1/ec2-instance-selector-windows-amd64,windows,amd64,,TRUE
aws,amazon-ec2-instance-selector,v2.4.1,https://github.com/aws/amazon-ec2-instance-selector/releases/download/v2.4.1/ec2-instance-selector-windows-amd64.tar.gz,windows,amd64,application/gzip,TRUE
bitnami-labs,sealed-secrets,v0.27.0,https://github.com/bitnami-labs/sealed-secrets/releases/download/v0.27.0/controller-norbac.yaml,,,,FALSE
bitnami-labs,sealed-secrets,v0.27.0,https://github.com/bitnami-labs/sealed-secrets/releases/download/v0.27.0/controller.yaml,,,,FALSE
bitnami-labs,sealed-secrets,v0.27.0,https://github.com/bitnami-labs/sealed-secrets/releases/download/v0.27.0/cosign.pub,,,,FALSE
bitnami-labs,sealed-secrets,v0.27.0,https://github.com/bitnami-labs/sealed-secrets/releases/download/v0.27.0/kubeseal-0.27.0-darwin-amd64.tar.gz,darwin,amd64,application/gzip,TRUE
bitnami-labs,sealed-secrets,v0.27.0,https://github.com/bitnami-labs/sealed-secrets/releases/download/v0.27.0/kubeseal-0.27.0-darwin-amd64.tar.gz.sig,,,,FALSE
bitnami-labs,sealed-secrets,v0.27.0,https://github.com/bitnami-labs/sealed-secrets/releases/download/v0.27.0/kubeseal-0.27.0-darwin-arm64.tar.gz,darwin,arm64,application/gzip,TRUE
bitnami-labs,sealed-secrets,v0.27.0,https://github.com/bitnami-labs/sealed-secrets/releases/download/v0.27.0/kubeseal-0.27.0-darwin-arm64.tar.gz.sig,,,,FALSE
bitnami-labs,sealed-secrets,v0.27.0,https://github.com/bitnami-labs/sealed-secrets/releases/download/v0.27.0/kubeseal-0.27.0-linux-amd64.tar.gz,linux,amd64,application/gzip,TRUE
bitnami-labs,sealed-secrets,v0.27.0,https://github.com/bitnami-labs/sealed-secrets/releases/download/v0.27.0/kubeseal-0.27.0-linux-amd64.tar.gz.sig,,,,FALSE
bitnami-labs,sealed-secrets,v0.27.0,https://github.com/bitnami-labs/sealed-secrets/releases/download/v0.27.0/kubeseal-0.27.0-linux-arm.tar.gz,linux,arm,application/gzip,TRUE
bitnami-labs,sealed-secrets,v0.27.0,https://github.com/bitnami-labs/sealed-secrets/releases/download/v0.27.0/kubeseal-0.27.0-linux-arm.tar.gz.sig,,,,FALSE
bitnami-labs,sealed-secrets,v0.27.0,https://github.com/bitnami-labs/sealed-secrets/releases/download/v0.27.0/kubeseal-0.27.0-linux-arm64.tar.gz,linux,arm64,application/gzip,TRUE
bitnami-labs,sealed-secrets,v0.27.0,https://github.com/bitnami-labs/sealed-secrets/releases/download/v0.27.0/kubeseal-0.27.0-linux-arm64.tar.gz.sig,,,,FALSE
bitnami-labs,sealed-secrets,v0.27.0,https://github.com/bitnami-labs/sealed-secrets/releases/download/v0.27.0/kubeseal-0.27.0-windows-amd64.tar.gz,windows,amd64,application/gzip,TRUE
bitnami-labs,sealed-secrets,v0.27.0,https://github.com/bitnami-labs/sealed-secrets/releases/download/v0.27.0/kubeseal-0.27.0-windows-amd64.tar.gz.sig,,,,FALSE
bitnami-labs,sealed-secrets,v0.27.0,https://github.com/bitnami-labs/sealed-secrets/releases/download/v0.27.0/sealed-secrets_0.27.0_checksums.txt,,,,FALSE
bitnami-labs,sealed-secrets,v0.27.0,https://github.com/bitnami-labs/sealed-secrets/releases/download/v0.27.0/sealed-secrets_0.27.0_checksums.txt.sig,,,,FALSE
buildpacks,pack,v0.34.2,https://github.com/buildpacks/pack/releases/download/v0.34.2/pack-v0.34.2-linux-arm64.tgz,linux,arm64,,TRUE
buildpacks,pack,v0.34.2,https://github.com/buildpacks/pack/releases/download/v0.34.2/pack-v0.34.2-linux-arm64.tgz.sha256,,,,FALSE
buildpacks,pack,v0.34.2,https://github.com/buildpacks/pack/releases/download/v0.34.2/pack-v0.34.2-linux-ppc64le.tgz,linux,ppc64le,,TRUE
buildpacks,pack,v0.34.2,https://github.com/buildpacks/pack/releases/download/v0.34.2/pack-v0.34.2-linux-ppc64le.tgz.sha256,,,,FALSE
buildpacks,pack,v0.34.2,https://github.com/buildpacks/pack/releases/download/v0.34.2/pack-v0.34.2-linux-s390x.tgz,linux,s390x,,TRUE
buildpacks,pack,v0.34.2,https://github.com/buildpacks/pack/releases/download/v0.34.2/pack-v0.34.2-linux-s390x.tgz.sha256,,,,FALSE
buildpacks,pack,v0.34.2,https://github.com/buildpacks/pack/releases/download/v0.34.2/pack-v0.34.2-linux.tgz,linux,amd64,,TRUE
buildpacks,pack,v0.34.2,https://github.com/buildpacks/pack/releases/download/v0.34.2/pack-v0.34.2-linux.tgz.sha256,,,,FALSE
buildpacks,pack,v0.34.2,https://github.com/buildpacks/pack/releases/download/v0.34.2/pack-v0.34.2-macos-arm64.tgz,darwin,arm64,,TRUE
buildpacks,pack,v0.34.2,https://github.com/buildpacks/pack/releases/download/v0.34.2/pack-v0.34.2-macos-arm64.tgz.sha256,,,,FALSE
buildpacks,pack,v0.34.2,https://github.com/buildpacks/pack/releases/download/v0.34.2/pack-v0.34.2-macos.tgz,darwin,amd64,,TRUE
buildpacks,pack,v0.34.2,https://github.com/buildpacks/pack/releases/download/v0.34.2/pack-v0.34.2-macos.tgz.sha256,,,,FALSE
buildpacks,pack,v0.34.2,https://github.com/buildpacks/pack/releases/download/v0.34.2/pack-v0.34.2-windows.zip,windows,amd64,,TRUE
buildpacks,pack,v0.34.2,https://github.com/buildpacks/pack/releases/download/v0.34.2/pack-v0.34.2-windows.zip.sha256,,,,FALSE
CircleCI-Public,circleci-cli,v0.1.30549,https://github.com/CircleCI-Public/circleci-cli/releases/download/v0.1.30549/circleci-cli_0.1.30549_checksums.txt,,,,FALSE
CircleCI-Public,circleci-cli,v0.1.30549,https://github.com/CircleCI-Public/circleci-cli/releases/download/v0.1.30549/circleci-cli_0.1.30549_darwin_amd64.tar.gz,darwin,amd64,application/gzip,TRUE
CircleCI-Public,circleci-cli,v0.1.30549,https://github.com/CircleCI-Public/circleci-cli/releases/download/v0.1.30549/circleci-cli_0.1.30549_darwin_arm64.tar.gz,darwin,arm64,application/gzip,TRUE
CircleCI-Public,circleci-cli,v0.1.30549,https://github.com/CircleCI-Public/circleci-cli/releases/download/v0.1.30549/circleci-cli_0.1.30549_linux_amd64.tar.gz,linux,amd64,application/gzip,TRUE
CircleCI-Public,circleci-cli,v0.1.30549,https://github.com/CircleCI-Public/circleci-cli/releases/download/v0.1.30549/circleci-cli_0.1.30549_linux_arm64.tar.gz,linux,arm64,application/gzip,TRUE
CircleCI-Public,circleci-cli,v0.1.30549,https://github.com/CircleCI-Public/circleci-cli/releases/download/v0.1.30549/circleci-cli_0.1.30549_windows_amd64.zip,windows,amd64,,TRUE
CircleCI-Public,circleci-cli,v0.1.30549,https://github.com/CircleCI-Public/circleci-cli/releases/download/v0.1.30549/circleci-cli_0.1.30549_windows_arm64.zip,windows,arm64,,TRUE
cli,cli,v2.52.0,https://github.com/cli/cli/releases/download/v2.52.0/gh_2.52.0_checksums.txt,,,,FALSE
cli,cli,v2.52.0,https://github.com/cli/cli/releases/download/v2.52.0/gh_2.52.0_linux_386.deb,,,,FALSE
cli,cli,v2.52.0,https://github.com/cli/cli/releases/download/v2.52.0/gh_2.52.0_linux_386.rpm,,,,FALSE
cli,cli,v2.52.0,https://github.com/cli/cli/releases/download/v2.52.0/gh_2.52.0_linux_386.tar.gz,linux,386,application/gzip,TRUE
cli,cli,v2.52.0,https://github.com/cli/cli/releases/download/v2.52.0/gh_2.52.0_linux_amd64.deb,,,,FALSE
cli,cli,v2.52.0,https://github.com/cli/cli/releases/download/v2.52.0/gh_2.52.0_linux_amd64.rpm,,,,FALSE
cli,cli,v2.52.0,https://github.com/cli/cli/releases/download/v2.52.0/gh_2.52.0_linux_amd64.tar.gz,linux,amd64,application/gzip,TRUE
cli,cli,v2.52.0,https://github.com/cli/cli/releases/download/v2.52.0/gh_2.52.0_linux_arm64.deb,,,,FALSE
cli,cli,v2.52.0,https://github.com/cli/cli/releases/download/v2.52.0/gh_2.52.0_linux_arm64.rpm,,,,FALSE
cli,cli,v2.52.0,https://github.com/cli/cli/releases/download/v2.52.0/gh_2.52.0_linux_arm64.tar.gz,linux,arm64,application/gzip,TRUE
cli,cli,v2.52.0,https://github.com/cli/cli/releases/download/v2.52.0/gh_2.52.0_linux_armv6.deb,,,,FALSE
cli,cli,v2.52.0,https://github.com/cli/cli/releases/download/v2.52.0/gh_2.52.0_linux_armv6.rpm,,,,FALSE
cli,cli,v2.52.0,https://github.com/cli/cli/releases/download/v2.52.0/gh_2.52.0_linux_armv6.tar.gz,linux,arm,application/gzip,TRUE
cli,cli,v2.52.0,https://github.com/cli/cli/releases/download/v2.52.0/gh_2.52.0_macOS_amd64.zip,darwin,amd64,,TRUE
cli,cli,v2.52.0,https://github.com/cli/cli/releases/download/v2.52.0/gh_2.52.0_macOS_arm64.zip,darwin,arm64,,TRUE
cli,cli,v2.52.0,https://github.com/cli/cli/releases/download/v2.52.0/gh_2.52.0_macOS_universal.pkg,,,,FALSE
cli,cli,v2.52.0,https://github.com/cli/cli/releases/download/v2.52.0/gh_2.52.0_windows_386.msi,,,,FALSE
cli,cli,v2.52.0,https://github.com/cli/cli/releases/download/v2.52.0/gh_2.52.0_windows_386.zip,windows,386,,TRUE
cli,cli,v2.52.0,https://github.com/cli/cli/releases/download/v2.52.0/gh_2.52.0_windows_amd64.msi,,,,FALSE
cli,cli,v2.52.0,https://github.com/cli/cli/releases/download/v2.52.0/gh_2.52.0_windows_amd64.zip,windows,amd64,,TRUE
cli,cli,v2.52.0,https://github.com/cli/cli/releases/download/v2.52.0/gh_2.52.0_windows_arm64.zip,windows,arm64,,TRUE
docker,buildx,v0.15.1,https://github.com/docker/buildx/releases/download/v0.15.1/buildx-v0.15.1.darwin-amd64,darwin,amd64,,TRUE
docker,buildx,v0.15.1,https://github.com/docker/buildx/releases/download/v0.15.1/buildx-v0.15.1.darwin-amd64.provenance.json,,,,FALSE
docker,buildx,v0.15.1,https://github.com/docker/buildx/releases/download/v0.15.1/buildx-v0.15.1.darwin-amd64.sbom.json,,,,FALSE
docker,buildx,v0.15.1,https://github.com/docker/buildx/releases/download/v0.15.1/buildx-v0.15.1.darwin-arm64,darwin,arm64,,TRUE
docker,buildx,v0.15.1,https://github.com/docker/buildx/releases/download/v0.15.1/buildx-v0.15.1.darwin-arm64.provenance.json,,,,FALSE
docker,buildx,v0.15.1,https://github.com/docker/buildx/releases/download/v0.15.1/buildx-v0.15.1.darwin-arm64.sbom.json,,,,FALSE
docker,buildx,v0.15.1,https://github.com/docker/buildx/releases/download/v0.15.1/buildx-v0.15.1.linux-amd64,linux,amd64,,TRUE
docker,buildx,v0.15.1,https://github.com/docker/buildx/releases/download/v0.15.1/buildx-v0.15.1.linux-amd64.provenance.json,,,,FALSE
docker,buildx,v0.15.1,https://github.com/docker/buildx/releases/download/v0.15.1/buildx-v0.15.1.linux-amd64.sbom.json,,,,FALSE
docker,buildx,v0.15.1,https://github.com/docker/buildx/releases/download/v0.15.1/buildx-v0.15.1.linux-arm-v6,linux,arm,,TRUE
docker,buildx,v0.15.1,https://github.com/docker/buildx/releases/download/v0.15.1/buildx-v0.15.1.linux-arm-v6.provenance.json,,,,FALSE
docker,buildx,v0.15.1,https://github.com/docker/buildx/releases/download/v0.15.1/buildx-v0.15.1.linux-arm-v6.sbom.json,,,,FALSE
docker,buildx,v0.15.1,https://github.com/docker/buildx/releases/download/v0.15.1/buildx-v0.15.1.linux-arm-v7,linux,arm,,TRUE
docker,buildx,v0.15.1,https://github.com/docker/buildx/releases/download/v0.15.1/buildx-v0.15.1.linux-arm-v7.provenance.json,,,,FALSE
docker,buildx,v0.15.1,https://github.com/docker/buildx/releases/download/v0.15.1/buildx-v0.15.1.linux-arm-v7.sbom.json,,,,FALSE
docker,buildx,v0.15.1,https://github.com/docker/buildx/releases/download/v0.15.1/buildx-v0.15.1.linux-arm64,linux,arm64,,TRUE
docker,buildx,v0.15.1,https://github.com/docker/buildx/releases/download/v0.15.1/buildx-v0.15.1.linux-arm64.provenance.json,,,,FALSE
docker,buildx,v0.15.1,https://github.com/docker/buildx/releases/download/v0.15.1/buildx-v0.15.1.linux-arm64.sbom.json,,,,FALSE
docker,buildx,v0.15.1,https://github.com/docker/buildx/releases/download/v0.15.1/buildx-v0.15.1.linux-ppc64le,linux,ppc64le,,TRUE
docker,buildx,v0.15.1,https://github.com/docker/buildx/releases/download/v0.15.1/buildx-v0.15.1.linux-ppc64le.provenance.json,,,,FALSE
docker,buildx,v0.15.1,https://github.com/docker/buildx/releases/download/v0.15.1/buildx-v0.15.1.linux-ppc64le.sbom.json,,,,FALSE
docker,buildx,v0.15.1,https://github.com/docker/buildx/releases/download/v0.15.1/buildx-v0.15.1.linux-riscv64,linux,riscv64,,TRUE
docker,buildx,v0.15.1,https://github.com/docker/buildx/releases/download/v0.15.1/buildx-v0.15.1.linux-riscv64.provenance.json,,,,FALSE
docker,buildx,v0.15.1,https://github.com/docker/buildx/releases/download/v0.15.1/buildx-v0.15.1.linux-riscv64.sbom.json,,,,FALSE
docker,buildx,v0.15.1,https://github.com/docker/buildx/releases/download/v0.15.1/buildx-v0.15.1.linux-s390x,linux,s390x,,TRUE
docker,buildx,v0.15.1,https://github.com/docker/buildx/releases/download/v0.15.1/buildx-v0.15.1.linux-s390x.provenance.json,,,,FALSE
docker,buildx,v0.15.1,https://github.com/docker/buildx/releases/download/v0.15.1/buildx-v0.15.1.linux-s390x.sbom.json,,,,FALSE
docker,buildx,v0.15.1,https://github.com/docker/buildx/releases/download/v0.15.1/buildx-v0.15.1.windows-amd64.exe,windows,amd64,,TRUE
docker,buildx,v0.15.1,https://github.com/docker/buildx/releases/download/v0.15.1/buildx-v0.15.1.windows-amd64.provenance.json,,,,FALSE
docker,buildx,v0.15.1,https://github.com/docker/buildx/releases/download/v0.15.1/buildx-v0.15.1.windows-amd64.sbom.json,,,,FALSE
docker,buildx,v0.15.1,https://github.com/docker/buildx/releases/download/v0.15.1/buildx-v0.15.1.windows-arm64.exe,windows,arm64,,TRUE
docker,buildx,v0.15.1,https://github.com/docker/buildx/releases/download/v0.15.1/buildx-v0.15.1.windows-arm64.provenance.json,,,,FALSE
docker,buildx,v0.15.1,https://github.com/docker/buildx/releases/download/v0.15.1/buildx-v0.15.1.windows-arm64.sbom.json,,,,FALSE
docker,buildx,v0.15.1,https://github.com/docker/buildx/releases/download/v0.15.1/checksums.txt,,,,FALSE
docker,compose,v2.28.1,https://github.com/docker/compose/releases/download/v2.28.1/checksums.txt,,,,FALSE
docker,compose,v2.28.1,https://github.com/docker/compose/releases/download/v2.28.1/docker-compose-darwin-aarch64,darwin,arm64,,TRUE
docker,compose,v2.28.1,https://github.com/docker/compose/releases/download/v2.28.1/docker-compose-darwin-aarch64.sha256,,,,FALSE
docker,compose,v2.28.1,https://github.com/docker/compose/releases/download/v2.28.1/docker-compose-darwin-x86_64,darwin,amd64,,TRUE
docker,compose,v2.28.1,https://github.com/docker/compose/releases/download/v2.28.1/docker-compose-darwin-x86_64.sha256,,,,FALSE
docker,compose,v2.28.1,https://github.com/docker/compose/releases/download/v2.28.1/docker-compose-linux-aarch64,linux,arm64,,TRUE
docker,compose,v2.28.1,https://github.com/docker/compose/releases/download/v2.28.1/docker-compose-linux-aarch64.sha256,,,,FALSE
docker,compose,v2.28.1,https://github.com/docker/compose/releases/download/v2.28.1/docker-compose-linux-armv6,linux,arm,,TRUE
docker,compose,v2.28.1,https://github.com/docker/compose/releases/download/v2.28.1/docker-compose-linux-armv6.sha256,,,,FALSE
docker,compose,v2.28.1,https://github.com/docker/compose/releases/download/v2.28.1/docker-compose-linux-armv7,linux,arm,,TRUE
docker,compose,v2.28.1,https://github.com/docker/compose/releases/download/v2.28.1/docker-compose-linux-armv7.sha256,,,,FALSE
docker,compose,v2.28.1,https://github.com/docker/compose/releases/download/v2.28.1/docker-compose-linux-ppc64le,linux,ppc64le,,TRUE
docker,compose,v2.28.1,https://github.com/docker/compose/releases/download/v2.28.1/docker-compose-linux-ppc64le.sha256,,,,FALSE
docker,compose,v2.28.1,https://github.com/docker/compose/releases/download/v2.28.1/docker-compose-linux-riscv64,linux,riscv64,,TRUE
docker,compose,v2.28.1,https://github.com/docker/compose/releases/download/v2.28.1/docker-compose-linux-riscv64.sha256,,,,FALSE
docker,compose,v2.28.1,https://github.com/docker/compose/releases/download/v2.28.1/docker-compose-linux-s390x,linux,s390x,,TRUE
docker,compose,v2.28.1,https://github.com/docker/compose/releases/download/v2.28.1/docker-compose-linux-s390x.sha256,,,,FALSE
docker,compose,v2.28.1,https://github.com/docker/compose/releases/download/v2.28.1/docker-compose-linux-x86_64,linux,amd64,,TRUE
docker,compose,v2.28.1,https://github.com/docker/compose/releases/download/v2.28.1/docker-compose-linux-x86_64.sha256,,,,FALSE
docker,compose,v2.28.1,https://github.com/docker/compose/releases/download/v2.28.1/docker-compose-windows-aarch64.exe,windows,arm64,,TRUE
docker,compose,v2.28.1,https://github.com/docker/compose/releases/download/v2.28.1/docker-compose-windows-aarch64.exe.sha256,,,,FALSE
docker,compose,v2.28.1,https://github.com/docker/compose/releases/download/v2.28.1/docker-compose-windows-x86_64.exe,windows,amd64,,TRUE
docker,compose,v2.28.1,https://github.com/docker/compose/releases/download/v2.28.1/docker-compose-windows-x86_64.exe.sha256,,,,FALSE
docker,compose,v2.28.1,https://github.com/docker/compose/releases/download/v2.28.1/LICENSE,,,,FALSE
docker,machine,v0.16.2,https://github.com/docker/machine/releases/download/v0.16.2/docker-machine-Darwin-x86_64,darwin,amd64,,TRUE
docker,machine,v0.16.2,https://github.com/docker/machine/releases/download/v0.16.2/docker-machine-Linux-aarch64,linux,arm64,,TRUE
docker,machine,v0.16.2,https://github.com/docker/machine/releases/download/v0.16.2/docker-machine-Linux-armhf,linux,arm,,TRUE
docker,machine,v0.16.2,https://github.com/docker/machine/releases/download/v0.16.2/docker-machine-Linux-x86_64,linux,amd64,,TRUE
docker,machine,v0.16.2,https://github.com/docker/machine/releases/download/v0.16.2/docker-machine-Windows-i386.exe,windows,386,,TRUE
docker,machine,v0.16.2,https://github.com/docker/machine/releases/download/v0.16.2/docker-machine-Windows-x86_64.exe,windows,amd64,,TRUE
docker,machine,v0.16.2,https://github.com/docker/machine/releases/download/v0.16.2/md5sum.txt,,,,FALSE
docker,machine,v0.16.2,https://github.com/docker/machine/releases/download/v0.16.2/sha256sum.txt,,,,FALSE
docker,scan-cli-plugin,v026.0,https://github.com/docker/scan-cli-plugin/releases/download/v0.26.0/docker-scan_darwin_amd64,darwin,amd64,,TRUE
docker,scan-cli-plugin,v026.0,https://github.com/docker/scan-cli-plugin/releases/download/v0.26.0/docker-scan_darwin_arm64,darwin,arm64,,TRUE
docker,scan-cli-plugin,v026.0,https://github.com/docker/scan-cli-plugin/releases/download/v0.26.0/docker-scan_linux_amd64,linux,amd64,,TRUE
docker,scan-cli-plugin,v026.0,https://github.com/docker/scan-cli-plugin/releases/download/v0.26.0/docker-scan_linux_arm64,linux,arm64,,TRUE
docker,scan-cli-plugin,v026.0,https://github.com/docker/scan-cli-plugin/releases/download/v0.26.0/docker-scan_windows_amd64.exe,windows,amd64,,TRUE
fluxcd,flux2,v2.3.0,https://github.com/fluxcd/flux2/releases/download/v2.3.0/crd-schemas.tar.gz,,,application/gzip,FALSE
fluxcd,flux2,v2.3.0,https://github.com/fluxcd/flux2/releases/download/v2.3.0/flux_2.3.0_checksums.txt,,,,FALSE
fluxcd,flux2,v2.3.0,https://github.com/fluxcd/flux2/releases/download/v2.3.0/flux_2.3.0_checksums.txt.pem,,,,FALSE
fluxcd,flux2,v2.3.0,https://github.com/fluxcd/flux2/releases/download/v2.3.0/flux_2.3.0_checksums.txt.sig,,,,FALSE
fluxcd,flux2,v2.3.0,https://github.com/fluxcd/flux2/releases/download/v2.3.0/flux_2.3.0_darwin_amd64.tar.gz,darwin,amd64,application/gzip,TRUE
fluxcd,flux2,v2.3.0,https://github.com/fluxcd/flux2/releases/download/v2.3.0/flux_2.3.0_darwin_arm64.tar.gz,darwin,arm64,application/gzip,TRUE
fluxcd,flux2,v2.3.0,https://github.com/fluxcd/flux2/releases/download/v2.3.0/flux_2.3.0_linux_amd64.tar.gz,linux,amd64,application/gzip,TRUE
fluxcd,flux2,v2.3.0,https://github.com/fluxcd/flux2/releases/download/v2.3.0/flux_2.3.0_linux_arm.tar.gz,linux,arm,application/gzip,TRUE
fluxcd,flux2,v2.3.0,https://github.com/fluxcd/flux2/releases/download/v2.3.0/flux_2.3.0_linux_arm64.tar.gz,linux,arm64,application/gzip,TRUE
fluxcd,flux2,v2.3.0,https://github.com/fluxcd/flux2/releases/download/v2.3.0/flux_2.3.0_sbom.spdx.json,,,,FALSE
fluxcd,flux2,v2.3.0,https://github.com/fluxcd/flux2/releases/download/v2.3.0/flux_2.3.0_source_code.tar.gz,,,application/gzip,FALSE
fluxcd,flux2,v2.3.0,https://github.com/fluxcd/flux2/releases/download/v2.3.0/flux_2.3.0_windows_386.zip,windows,386,,TRUE
fluxcd,flux2,v2.3.0,https://github.com/fluxcd/flux2/releases/download/v2.3.0/flux_2.3.0_windows_amd64.zip,windows,amd64,,TRUE
fluxcd,flux2,v2.3.0,https://github.com/fluxcd/flux2/releases/download/v2.3.0/flux_2.3.0_windows_arm64.zip,windows,arm64,,TRUE
fluxcd,flux2,v2.3.0,https://github.com/fluxcd/flux2/releases/download/v2.3.0/install.yaml,,,,FALSE
fluxcd,flux2,v2.3.0,https://github.com/fluxcd/flux2/releases/download/v2.3.0/manifests.tar.gz,,,application/gzip,FALSE
fluxcd,flux2,v2.3.0,https://github.com/fluxcd/flux2/releases/download/v2.3.0/provenance.intoto.jsonl,,,,FALSE
getsops,sops,v3.9.0,https://github.com/getsops/sops/releases/download/v3.9.0/sops_3.9.0_amd64.deb,,,,FALSE
getsops,sops,v3.9.0,https://github.com/getsops/sops/releases/download/v3.9.0/sops_3.9.0_arm64.deb,,,,FALSE
getsops,sops,v3.9.0,https://github.com/getsops/sops/releases/download/v3.9.0/sops-3.9.0-1.aarch64.rpm,,,,FALSE
getsops,sops,v3.9.0,https://github.com/getsops/sops/releases/download/v3.9.0/sops-3.9.0-1.x86_64.rpm,,,,FALSE
getsops,sops,v3.9.0,https://github.com/getsops/sops/releases/download/v3.9.0/sops-v3.9.0.checksums.pem,,,,FALSE
getsops,sops,v3.9.0,https://github.com/getsops/sops/releases/download/v3.9.0/sops-v3.9.0.checksums.sig,,,,FALSE
getsops,sops,v3.9.0,https://github.com/getsops/sops/releases/download/v3.9.0/sops-v3.9.0.checksums.txt,,,,FALSE
getsops,sops,v3.9.0,https://github.com/getsops/sops/releases/download/v3.9.0/sops-v3.9.0.darwin,darwin,amd64,,TRUE
getsops,sops,v3.9.0,https://github.com/getsops/sops/releases/download/v3.9.0/sops-v3.9.0.darwin.amd64,darwin,amd64,,TRUE
getsops,sops,v3.9.0,https://github.com/getsops/sops/releases/download/v3.9.0/sops-v3.9.0.darwin.amd64.spdx.sbom.json,,,,FALSE
getsops,sops,v3.9.0,https://github.com/getsops/sops/releases/download/v3.9.0/sops-v3.9.0.darwin.arm64,darwin,arm64,,TRUE
getsops,sops,v3.9.0,https://github.com/getsops/sops/releases/download/v3.9.0/sops-v3.9.0.darwin.arm64.spdx.sbom.json,,,,FALSE
getsops,sops,v3.9.0,https://github.com/getsops/sops/releases/download/v3.9.0/sops-v3.9.0.darwin.spdx.sbom.json,,,,FALSE
getsops,sops,v3.9.0,https://github.com/getsops/sops/releases/download/v3.9.0/sops-v3.9.0.exe,windows,amd64,,TRUE
getsops,sops,v3.9.0,https://github.com/getsops/sops/releases/download/v3.9.0/sops-v3.9.0.exe.spdx.sbom.json,,,,FALSE
getsops,sops,v3.9.0,https://github.com/getsops/sops/releases/download/v3.9.0/sops-v3.9.0.intoto.jsonl,,,,FALSE
getsops,sops,v3.9.0,https://github.com/getsops/sops/releases/download/v3.9.0/sops-v3.9.0.linux.amd64,linux,amd64,,TRUE
getsops,sops,v3.9.0,https://github.com/getsops/sops/releases/download/v3.9.0/sops-v3.9.0.linux.amd64.spdx.sbom.json,,,,FALSE
getsops,sops,v3.9.0,https://github.com/getsops/sops/releases/download/v3.9.0/sops-v3.9.0.linux.arm64,linux,arm64,,TRUE
getsops,sops,v3.9.0,https://github.com/getsops/sops/releases/download/v3.9.0/sops-v3.9.0.linux.arm64.spdx.sbom.json,,,,FALSE
goodwithtech,dockle,v0.4.14,https://github.com/goodwithtech/dockle/releases/download/v0.4.14/dockle_0.4.14_checksums.txt,,,,FALSE
goodwithtech,dockle,v0.4.14,https://github.com/goodwithtech/dockle/releases/download/v0.4.14/dockle_0.4.14_Linux-386.apk,linux,386,,TRUE
goodwithtech,dockle,v0.4.14,https://github.com/goodwithtech/dockle/releases/download/v0.4.14/dockle_0.4.14_Linux-386.deb,,,,FALSE
goodwithtech,dockle,v0.4.14,https://github.com/goodwithtech/dockle/releases/download/v0.4.14/dockle_0.4.14_Linux-386.rpm,,,,FALSE
goodwithtech,dockle,v0.4.14,https://github.com/goodwithtech/dockle/releases/download/v0.4.14/dockle_0.4.14_Linux-386.tar.gz,linux,386,application/gzip,TRUE
goodwithtech,dockle,v0.4.14,https://github.com/goodwithtech/dockle/releases/download/v0.4.14/dockle_0.4.14_Linux-64bit.apk,linux,amd64,,TRUE
goodwithtech,dockle,v0.4.14,https://github.com/goodwithtech/dockle/releases/download/v0.4.14/dockle_0.4.14_Linux-64bit.deb,,,,FALSE
goodwithtech,dockle,v0.4.14,https://github.com/goodwithtech/dockle/releases/download/v0.4.14/dockle_0.4.14_Linux-64bit.rpm,,,,FALSE
goodwithtech,dockle,v0.4.14,https://github.com/goodwithtech/dockle/releases/download/v0.4.14/dockle_0.4.14_Linux-64bit.tar.gz,linux,amd64,application/gzip,TRUE
goodwithtech,dockle,v0.4.14,https://github.com/goodwithtech/dockle/releases/download/v0.4.14/dockle_0.4.14_Linux-ARM.apk,linux,arm,,TRUE
goodwithtech,dockle,v0.4.14,https://github.com/goodwithtech/dockle/releases/download/v0.4.14/dockle_0.4.14_Linux-ARM.deb,,,,FALSE
goodwithtech,dockle,v0.4.14,https://github.com/goodwithtech/dockle/releases/download/v0.4.14/dockle_0.4.14_Linux-ARM.rpm,,,,FALSE
goodwithtech,dockle,v0.4.14,https://github.com/goodwithtech/dockle/releases/download/v0.4.14/dockle_0.4.14_Linux-ARM.tar.gz,linux,arm,application/gzip,TRUE
goodwithtech,dockle,v0.4.14,https://github.com/goodwithtech/dockle/releases/download/v0.4.14/dockle_0.4.14_Linux-ARM64.apk,linux,arm64,,TRUE
goodwithtech,dockle,v0.4.14,https://github.com/goodwithtech/dockle/releases/download/v0.4.14/dockle_0.4.14_Linux-ARM64.deb,,,,FALSE
goodwithtech,dockle,v0.4.14,https://github.com/goodwithtech/dockle/releases/download/v0.4.14/dockle_0.4.14_Linux-ARM64.rpm,,,,FALSE
goodwithtech,dockle,v0.4.14,https://github.com/goodwithtech/dockle/releases/download/v0.4.14/dockle_0.4.14_Linux-ARM64.tar.gz,linux,arm64,application/gzip,TRUE
goodwithtech,dockle,v0.4.14,https://github.com/goodwithtech/dockle/releases/download/v0.4.14/dockle_0.4.14_Linux-loong64.apk,linux,loong64,,TRUE
goodwithtech,dockle,v0.4.14,https://github.com/goodwithtech/dockle/releases/download/v0.4.14/dockle_0.4.14_Linux-loong64.deb,,,,FALSE
goodwithtech,dockle,v0.4.14,https://github.com/goodwithtech/dockle/releases/download/v0.4.14/dockle_0.4.14_Linux-loong64.rpm,,,,FALSE
goodwithtech,dockle,v0.4.14,https://github.com/goodwithtech/dockle/releases/download/v0.4.14/dockle_0.4.14_Linux-LOONG64.tar.gz,linux,loong64,application/gzip,TRUE
goodwithtech,dockle,v0.4.14,https://github.com/goodwithtech/dockle/releases/download/v0.4.14/dockle_0.4.14_macOS-64bit.tar.gz,darwin,amd64,application/gzip,TRUE
goodwithtech,dockle,v0.4.14,https://github.com/goodwithtech/dockle/releases/download/v0.4.14/dockle_0.4.14_macOS-ARM64.tar.gz,darwin,arm64,application/gzip,TRUE
helm,helm,v3.15.2,https://github.com/helm/helm/releases/download/v3.15.2/helm-v3.15.2-darwin-amd64.tar.gz.asc,,,,FALSE
helm,helm,v3.15.2,https://github.com/helm/helm/releases/download/v3.15.2/helm-v3.15.2-darwin-amd64.tar.gz.sha256.asc,,,,FALSE
helm,helm,v3.15.2,https://github.com/helm/helm/releases/download/v3.15.2/helm-v3.15.2-darwin-amd64.tar.gz.sha256sum.asc,,,,FALSE
helm,helm,v3.15.2,https://github.com/helm/helm/releases/download/v3.15.2/helm-v3.15.2-darwin-arm64.tar.gz.asc,,,,FALSE
helm,helm,v3.15.2,https://github.com/helm/helm/releases/download/v3.15.2/helm-v3.15.2-darwin-arm64.tar.gz.sha256.asc,,,,FALSE
helm,helm,v3.15.2,https://github.com/helm/helm/releases/download/v3.15.2/helm-v3.15.2-darwin-arm64.tar.gz.sha256sum.asc,,,,FALSE
helm,helm,v3.15.2,https://github.com/helm/helm/releases/download/v3.15.2/helm-v3.15.2-linux-386.tar.gz.asc,,,,FALSE
helm,helm,v3.15.2,https://github.com/helm/helm/releases/download/v3.15.2/helm-v3.15.2-linux-386.tar.gz.sha256.asc,,,,FALSE
helm,helm,v3.15.2,https://github.com/helm/helm/releases/download/v3.15.2/helm-v3.15.2-linux-386.tar.gz.sha256sum.asc,,,,FALSE
helm,helm,v3.15.2,https://github.com/helm/helm/releases/download/v3.15.2/helm-v3.15.2-linux-amd64.tar.gz.asc,,,,FALSE
helm,helm,v3.15.2,https://github.com/helm/helm/releases/download/v3.15.2/helm-v3.15.2-linux-amd64.tar.gz.sha256.asc,,,,FALSE
helm,helm,v3.15.2,https://github.com/helm/helm/releases/download/v3.15.2/helm-v3.15.2-linux-amd64.tar.gz.sha256sum.asc,,,,FALSE
helm,helm,v3.15.2,https://github.com/helm/helm/releases/download/v3.15.2/helm-v3.15.2-linux-arm.tar.gz.asc,,,,FALSE
helm,helm,v3.15.2,https://github.com/helm/helm/releases/download/v3.15.2/helm-v3.15.2-linux-arm.tar.gz.sha256.asc,,,,FALSE
helm,helm,v3.15.2,https://github.com/helm/helm/releases/download/v3.15.2/helm-v3.15.2-linux-arm.tar.gz.sha256sum.asc,,,,FALSE
helm,helm,v3.15.2,https://github.com/helm/helm/releases/download/v3.15.2/helm-v3.15.2-linux-arm64.tar.gz.asc,,,,FALSE
helm,helm,v3.15.2,https://github.com/helm/helm/releases/download/v3.15.2/helm-v3.15.2-linux-arm64.tar.gz.sha256.asc,,,,FALSE
helm,helm,v3.15.2,https://github.com/helm/helm/releases/download/v3.15.2/helm-v3.15.2-linux-arm64.tar.gz.sha256sum.asc,,,,FALSE
helm,helm,v3.15.2,https://github.com/helm/helm/releases/download/v3.15.2/helm-v3.15.2-linux-ppc64le.tar.gz.asc,,,,FALSE
helm,helm,v3.15.2,https://github.com/helm/helm/releases/download/v3.15.2/helm-v3.15.2-linux-ppc64le.tar.gz.sha256.asc,,,,FALSE
helm,helm,v3.15.2,https://github.com/helm/helm/releases/download/v3.15.2/helm-v3.15.2-linux-ppc64le.tar.gz.sha256sum.asc,,,,FALSE
helm,helm,v3.15.2,https://github.com/helm/helm/releases/download/v3.15.2/helm-v3.15.2-linux-riscv64.tar.gz.asc,,,,FALSE
helm,helm,v3.15.2,https://github.com/helm/helm/releases/download/v3.15.2/helm-v3.15.2-linux-riscv64.tar.gz.sha256.asc,,,,FALSE
helm,helm,v3.15.2,https://github.com/helm/helm/releases/download/v3.15.2/helm-v3.15.2-linux-riscv64.tar.gz.sha256sum.asc,,,,FALSE
helm,helm,v3.15.2,https://github.com/helm/helm/releases/download/v3.15.2/helm-v3.15.2-linux-s390x.tar.gz.asc,,,,FALSE
helm,helm,v3.15.2,https://github.com/helm/helm/releases/download/v3.15.2/helm-v3.15.2-linux-s390x.tar.gz.sha256.asc,,,,FALSE
helm,helm,v3.15.2,https://github.com/helm/helm/releases/download/v3.15.2/helm-v3.15.2-linux-s390x.tar.gz.sha256sum.asc,,,,FALSE
helm,helm,v3.15.2,https://github.com/helm/helm/releases/download/v3.15.2/helm-v3.15.2-windows-amd64.zip.asc,,,,FALSE
helm,helm,v3.15.2,https://github.com/helm/helm/releases/download/v3.15.2/helm-v3.15.2-windows-amd64.zip.sha256.asc,,,,FALSE
helm,helm,v3.15.2,https://github.com/helm/helm/releases/download/v3.15.2/helm-v3.15.2-windows-amd64.zip.sha256sum.asc,,,,FALSE
istio,istio,v1.22.2,https://github.com/istio/istio/releases/download/1.22.2/istio-1.22.2-linux-amd64.tar.gz,linux,amd64,application/gzip,TRUE
istio,istio,v1.22.2,https://github.com/istio/istio/releases/download/1.22.2/istio-1.22.2-linux-amd64.tar.gz.sha256,,,,FALSE
istio,istio,v1.22.2,https://github.com/istio/istio/releases/download/1.22.2/istio-1.22.2-linux-arm64.tar.gz,linux,arm64,application/gzip,TRUE
istio,istio,v1.22.2,https://github.com/istio/istio/releases/download/1.22.2/istio-1.22.2-linux-arm64.tar.gz.sha256,,,,FALSE
istio,istio,v1.22.2,https://github.com/istio/istio/releases/download/1.22.2/istio-1.22.2-linux-armv7.tar.gz,linux,arm,application/gzip,TRUE
istio,istio,v1.22.2,https://github.com/istio/istio/releases/download/1.22.2/istio-1.22.2-linux-armv7.tar.gz.sha256,,,,FALSE
istio,istio,v1.22.2,https://github.com/istio/istio/releases/download/1.22.2/istio-1.22.2-osx-amd64.tar.gz,darwin,amd64,application/gzip,TRUE
istio,istio,v1.22.2,https://github.com/istio/istio/releases/download/1.22.2/istio-1.22.2-osx-amd64.tar.gz.sha256,,,,FALSE
istio,istio,v1.22.2,https://github.com/istio/istio/releases/download/1.22.2/istio-1.22.2-osx-arm64.tar.gz,darwin,arm64,application/gzip,TRUE
istio,istio,v1.22.2,https://github.com/istio/istio/releases/download/1.22.2/istio-1.22.2-osx-arm64.tar.gz.sha256,,,,FALSE
istio,istio,v1.22.2,https://github.com/istio/istio/releases/download/1.22.2/istio-1.22.2-osx.tar.gz,darwin,amd64,application/gzip,TRUE
istio,istio,v1.22.2,https://github.com/istio/istio/releases/download/1.22.2/istio-1.22.2-osx.tar.gz.sha256,,,,FALSE
istio,istio,v1.22.2,https://github.com/istio/istio/releases/download/1.22.2/istio-1.22.2-win-amd64.zip,windows,amd64,,TRUE
istio,istio,v1.22.2,https://github.com/istio/istio/releases/download/1.22.2/istio-1.22.2-win-amd64.zip.sha256,,,,FALSE
istio,istio,v1.22.2,https://github.com/istio/istio/releases/download/1.22.2/istio-1.22.2-win.zip,windows,amd64,,TRUE
istio,istio,v1.22.2,https://github.com/istio/istio/releases/download/1.22.2/istio-1.22.2-win.zip.sha256,,,,FALSE
istio,istio,v1.22.2,https://github.com/istio/istio/releases/download/1.22.2/istio-release.spdx,,,,FALSE
istio,istio,v1.22.2,https://github.com/istio/istio/releases/download/1.22.2/istio-source.spdx,,,,FALSE
istio,istio,v1.22.2,https://github.com/istio/istio/releases/download/1.22.2/istioctl-1.22.2-linux-amd64.tar.gz,linux,amd64,application/gzip,TRUE
istio,istio,v1.22.2,https://github.com/istio/istio/releases/download/1.22.2/istioctl-1.22.2-linux-amd64.tar.gz.sha256,,,,FALSE
istio,istio,v1.22.2,https://github.com/istio/istio/releases/download/1.22.2/istioctl-1.22.2-linux-arm64.tar.gz,linux,arm64,application/gzip,TRUE
istio,istio,v1.22.2,https://github.com/istio/istio/releases/download/1.22.2/istioctl-1.22.2-linux-arm64.tar.gz.sha256,,,,FALSE
istio,istio,v1.22.2,https://github.com/istio/istio/releases/download/1.22.2/istioctl-1.22.2-linux-armv7.tar.gz,linux,arm,application/gzip,TRUE
istio,istio,v1.22.2,https://github.com/istio/istio/releases/download/1.22.2/istioctl-1.22.2-linux-armv7.tar.gz.sha256,,,,FALSE
istio,istio,v1.22.2,https://github.com/istio/istio/releases/download/1.22.2/istioctl-1.22.2-osx-amd64.tar.gz,darwin,amd64,application/gzip,TRUE
istio,istio,v1.22.2,https://github.com/istio/istio/releases/download/1.22.2/istioctl-1.22.2-osx-amd64.tar.gz.sha256,,,,FALSE
istio,istio,v1.22.2,https://github.com/istio/istio/releases/download/1.22.2/istioctl-1.22.2-osx-arm64.tar.gz,darwin,arm64,application/gzip,TRUE
istio,istio,v1.22.2,https://github.com/istio/istio/releases/download/1.22.2/istioctl-1.22.2-osx-arm64.tar.gz.sha256,,,,FALSE
istio,istio,v1.22.2,https://github.com/istio/istio/releases/download/1.22.2/istioctl-1.22.2-osx.tar.gz,darwin,amd64,application/gzip,TRUE
istio,istio,v1.22.2,https://github.com/istio/istio/releases/download/1.22.2/istioctl-1.22.2-osx.tar.gz.sha256,,,,FALSE
istio,istio,v1.22.2,https://github.com/istio/istio/releases/download/1.22.2/istioctl-1.22.2-win-amd64.zip,windows,amd64,,TRUE
istio,istio,v1.22.2,https://github.com/istio/istio/releases/download/1.22.2/istioctl-1.22.2-win-amd64.zip.sha256,,,,FALSE
istio,istio,v1.22.2,https://github.com/istio/istio/releases/download/1.22.2/istioctl-1.22.2-win.zip,windows,amd64,,TRUE
istio,istio,v1.22.2,https://github.com/istio/istio/releases/download/1.22.2/istioctl-1.22.2-win.zip.sha256,,,,FALSE
mikefarah,yq,v4.44.2,https://github.com/mikefarah/yq/releases/download/v4.44.2/checksums,,,,FALSE
mikefarah,yq,v4.44.2,https://github.com/mikefarah/yq/releases/download/v4.44.2/checksums_hashes_order,,,,FALSE
mikefarah,yq,v4.44.2,https://github.com/mikefarah/yq/releases/download/v4.44.2/checksums-bsd,,,,FALSE
mikefarah,yq,v4.44.2,https://github.com/mikefarah/yq/releases/download/v4.44.2/extract-checksum.sh,,,,FALSE
mikefarah,yq,v4.44.2,https://github.com/mikefarah/yq/releases/download/v4.44.2/yq_darwin_amd64,darwin,amd64,,TRUE
mikefarah,yq,v4.44.2,https://github.com/mikefarah/yq/releases/download/v4.44.2/yq_darwin_amd64.tar.gz,darwin,amd64,application/gzip,TRUE
mikefarah,yq,v4.44.2,https://github.com/mikefarah/yq/releases/download/v4.44.2/yq_darwin_arm64,darwin,arm64,,TRUE
mikefarah,yq,v4.44.2,https://github.com/mikefarah/yq/releases/download/v4.44.2/yq_darwin_arm64.tar.gz,darwin,arm64,application/gzip,TRUE
mikefarah,yq,v4.44.2,https://github.com/mikefarah/yq/releases/download/v4.44.2/yq_freebsd_386,freebsd,386,,TRUE
mikefarah,yq,v4.44.2,https://github.com/mikefarah/yq/releases/download/v4.44.2/yq_freebsd_386.tar.gz,freebsd,386,application/gzip,TRUE
mikefarah,yq,v4.44.2,https://github.com/mikefarah/yq/releases/download/v4.44.2/yq_freebsd_amd64,freebsd,amd64,,TRUE
mikefarah,yq,v4.44.2,https://github.com/mikefarah/yq/releases/download/v4.44.2/yq_freebsd_amd64.tar.gz,freebsd,amd64,application/gzip,TRUE
mikefarah,yq,v4.44.2,https://github.com/mikefarah/yq/releases/download/v4.44.2/yq_freebsd_arm,freebsd,arm,,TRUE
mikefarah,yq,v4.44.2,https://github.com/mikefarah/yq/releases/download/v4.44.2/yq_freebsd_arm.tar.gz,freebsd,arm,application/gzip,TRUE
mikefarah,yq,v4.44.2,https://github.com/mikefarah/yq/releases/download/v4.44.2/yq_linux_386,linux,386,,TRUE
mikefarah,yq,v4.44.2,https://github.com/mikefarah/yq/releases/download/v4.44.2/yq_linux_386.tar.gz,linux,386,application/gzip,TRUE
mikefarah,yq,v4.44.2,https://github.com/mikefarah/yq/releases/download/v4.44.2/yq_linux_amd64,linux,amd64,,TRUE
mikefarah,yq,v4.44.2,https://github.com/mikefarah/yq/releases/download/v4.44.2/yq_linux_amd64.tar.gz,linux,amd64,application/gzip,TRUE
mikefarah,yq,v4.44.2,https://github.com/mikefarah/yq/releases/download/v4.44.2/yq_linux_arm,linux,arm,,TRUE
mikefarah,yq,v4.44.2,https://github.com/mikefarah/yq/releases/download/v4.44.2/yq_linux_arm.tar.gz,linux,arm,application/gzip,TRUE
mikefarah,yq,v4.44.2,https://github.com/mikefarah/yq/releases/download/v4.44.2/yq_linux_arm64,linux,arm64,,TRUE
mikefarah,yq,v4.44.2,https://github.com/mikefarah/yq/releases/download/v4.44.2/yq_linux_arm64.tar.gz,linux,arm64,application/gzip,TRUE
mikefarah,yq,v4.44.2,https://github.com/mikefarah/yq/releases/download/v4.44.2/yq_linux_mips,linux,mips,,TRUE
mikefarah,yq,v4.44.2,https://github.com/mikefarah/yq/releases/download/v4.44.2/yq_linux_mips.tar.gz,linux,mips,application/gzip,TRUE
mikefarah,yq,v4.44.2,https://github.com/mikefarah/yq/releases/download/v4.44.2/yq_linux_mips64,linux,mips64,,TRUE
mikefarah,yq,v4.44.2,https://github.com/mikefarah/yq/releases/download/v4.44.2/yq_linux_mips64.tar.gz,linux,mips64,application/gzip,TRUE
mikefarah,yq,v4.44.2,https://github.com/mikefarah/yq/releases/download/v4.44.2/yq_linux_mips64le,linux,mips64le,,TRUE
mikefarah,yq,v4.44.2,https://github.com/mikefarah/yq/releases/download/v4.44.2/yq_linux_mips64le.tar.gz,linux,mips64le,application/gzip,TRUE
mikefarah,yq,v4.44.2,https://github.com/mikefarah/yq/releases/download/v4.44.2/yq_linux_mipsle,linux,mipsle,,TRUE
mikefarah,yq,v4.44.2,https://github.com/mikefarah/yq/releases/download/v4.44.2/yq_linux_mipsle.tar.gz,linux,mipsle,application/gzip,TRUE
mikefarah,yq,v4.44.2,https://github.com/mikefarah/yq/releases/download/v4.44.2/yq_linux_ppc64,linux,ppc64,,TRUE
mikefarah,yq,v4.44.2,https://github.com/mikefarah/yq/releases/download/v4.44.2/yq_linux_ppc64.tar.gz,linux,ppc64,application/gzip,TRUE
mikefarah,yq,v4.44.2,https://github.com/mikefarah/yq/releases/download/v4.44.2/yq_linux_ppc64le,linux,ppc64le,,TRUE
mikefarah,yq,v4.44.2,https://github.com/mikefarah/yq/releases/download/v4.44.2/yq_linux_ppc64le.tar.gz,linux,ppc64le,application/gzip,TRUE
mikefarah,yq,v4.44.2,https://github.com/mikefarah/yq/releases/download/v4.44.2/yq_linux_s390x,linux,s390x,,TRUE
mikefarah,yq,v4.44.2,https://github.com/mikefarah/yq/releases/download/v4.44.2/yq_linux_s390x.tar.gz,linux,s390x,application/gzip,TRUE
mikefarah,yq,v4.44.2,https://github.com/mikefarah/yq/releases/download/v4.44.2/yq_man_page_only.tar.gz,,,application/gzip,FALSE
mikefarah,yq,v4.44.2,https://github.com/mikefarah/yq/releases/download/v4.44.2/yq_netbsd_386,netbsd,386,,TRUE
mikefarah,yq,v4.44.2,https://github.com/mikefarah/yq/releases/download/v4.44.2/yq_netbsd_386.tar.gz,netbsd,386,application/gzip,TRUE
mikefarah,yq,v4.44.2,https://github.com/mikefarah/yq/releases/download/v4.44.2/yq_netbsd_amd64,netbsd,amd64,,TRUE
mikefarah,yq,v4.44.2,https://github.com/mikefarah/yq/releases/download/v4.44.2/yq_netbsd_amd64.tar.gz,netbsd,amd64,application/gzip,TRUE
mikefarah,yq,v4.44.2,https://github.com/mikefarah/yq/releases/download/v4.44.2/yq_netbsd_arm,netbsd,arm,,TRUE
mikefarah,yq,v4.44.2,https://github.com/mikefarah/yq/releases/download/v4.44.2/yq_netbsd_arm.tar.gz,netbsd,arm,application/gzip,TRUE
mikefarah,yq,v4.44.2,https://github.com/mikefarah/yq/releases/download/v4.44.2/yq_openbsd_386,openbsd,386,,TRUE
mikefarah,yq,v4.44.2,https://github.com/mikefarah/yq/releases/download/v4.44.2/yq_openbsd_386.tar.gz,openbsd,386,application/gzip,TRUE
mikefarah,yq,v4.44.2,https://github.com/mikefarah/yq/releases/download/v4.44.2/yq_openbsd_amd64,openbsd,amd64,,TRUE
mikefarah,yq,v4.44.2,https://github.com/mikefarah/yq/releases/download/v4.44.2/yq_openbsd_amd64.tar.gz,openbsd,amd64,application/gzip,TRUE
mikefarah,yq,v4.44.2,https://github.com/mikefarah/yq/releases/download/v4.44.2/yq_windows_386.exe,windows,386,,TRUE
mikefarah,yq,v4.44.2,https://github.com/mikefarah/yq/releases/download/v4.44.2/yq_windows_386.zip,windows,386,,TRUE
mikefarah,yq,v4.44.2,https://github.com/mikefarah/yq/releases/download/v4.44.2/yq_windows_amd64.exe,windows,amd64,,TRUE
mikefarah,yq,v4.44.2,https://github.com/mikefarah/yq/releases/download/v4.44.2/yq_windows_amd64.zip,windows,amd64,,TRUE
open-policy-agent,conftest,v0.53.0,https://github.com/open-policy-agent/conftest/releases/download/v0.53.0/checksums.txt,,,,FALSE
open-policy-agent,conftest,v0.53.0,https://github.com/open-policy-agent/conftest/releases/download/v0.53.0/conftest_0.53.0_Darwin_arm64.tar.gz,darwin,arm64,application/gzip,TRUE
open-policy-agent,conftest,v0.53.0,https://github.com/open-policy-agent/conftest/releases/download/v0.53.0/conftest_0.53.0_Darwin_x86_64.tar.gz,darwin,amd64,application/gzip,TRUE
open-policy-agent,conftest,v0.53.0,https://github.com/open-policy-agent/conftest/releases/download/v0.53.0/conftest_0.53.0_linux_amd64.deb,,,,FALSE
open-policy-agent,conftest,v0.53.0,https://github.com/open-policy-agent/conftest/releases/download/v0.53.0/conftest_0.53.0_linux_amd64.rpm,,,,FALSE
open-policy-agent,conftest,v0.53.0,https://github.com/open-policy-agent/conftest/releases/download/v0.53.0/conftest_0.53.0_linux_arm64.deb,,,,FALSE
open-policy-agent,conftest,v0.53.0,https://github.com/open-policy-agent/conftest/releases/download/v0.53.0/conftest_0.53.0_linux_arm64.rpm,,,,FALSE
open-policy-agent,conftest,v0.53.0,https://github.com/open-policy-agent/conftest/releases/download/v0.53.0/conftest_0.53.0_Linux_arm64.tar.gz,linux,arm64,application/gzip,TRUE
open-policy-agent,conftest,v0.53.0,https://github.com/open-policy-agent/conftest/releases/download/v0.53.0/conftest_0.53.0_linux_ppc64le.deb,,,,FALSE
open-policy-agent,conftest,v0.53.0,https://github.com/open-policy-agent/conftest/releases/download/v0.53.0/conftest_0.53.0_linux_ppc64le.rpm,,,,FALSE
open-policy-agent,conftest,v0.53.0,https://github.com/open-policy-agent/conftest/releases/download/v0.53.0/conftest_0.53.0_Linux_ppc64le.tar.gz,linux,ppc64le,application/gzip,TRUE
open-policy-agent,conftest,v0.53.0,https://github.com/open-policy-agent/conftest/releases/download/v0.53.0/conftest_0.53.0_linux_s390x.deb,,,,FALSE
open-policy-agent,conftest,v0.53.0,https://github.com/open-policy-agent/conftest/releases/download/v0.53.0/conftest_0.53.0_linux_s390x.rpm,,,,FALSE
open-policy-agent,conftest,v0.53.0,https://github.com/open-policy-agent/conftest/releases/download/v0.53.0/conftest_0.53.0_Linux_s390x.tar.gz,linux,s390x,application/gzip,TRUE
open-policy-agent,conftest,v0.53.0,https://github.com/open-policy-agent/conftest/releases/download/v0.53.0/conftest_0.53.0_Linux_x86_64.tar.gz,linux,amd64,application/gzip,TRUE
open-policy-agent,conftest,v0.53.0,https://github.com/open-policy-agent/conftest/releases/download/v0.53.0/conftest_0.53.0_Windows_arm64.zip,windows,arm64,,TRUE
open-policy-agent,conftest,v0.53.0,https://github.com/open-policy-agent/conftest/releases/download/v0.53.0/conftest_0.53.0_Windows_x86_64.zip,windows,amd64,,TRUE
open-policy-agent,gatekeeper,v3.16.3,https://github.com/open-policy-agent/gatekeeper/releases/download/v3.16.3/gator-v3.16.3-darwin-amd64.tar.gz,darwin,amd64,application/gzip,TRUE
open-policy-agent,gatekeeper,v3.16.3,https://github.com/open-policy-agent/gatekeeper/releases/download/v3.16.3/gator-v3.16.3-darwin-arm64.tar.gz,darwin,arm64,application/gzip,TRUE
open-policy-agent,gatekeeper,v3.16.3,https://github.com/open-policy-agent/gatekeeper/releases/download/v3.16.3/gator-v3.16.3-linux-amd64.tar.gz,linux,amd64,application/gzip,TRUE
open-policy-agent,gatekeeper,v3.16.3,https://github.com/open-policy-agent/gatekeeper/releases/download/v3.16.3/gator-v3.16.3-linux-arm64.tar.gz,linux,arm64,application/gzip,TRUE
open-policy-agent,gatekeeper,v3.16.3,https://github.com/open-policy-agent/gatekeeper/releases/download/v3.16.3/sha256sums.txt,,,,FALSE
open-policy-agent,opa,v0.66.0,https://github.com/open-policy-agent/opa/releases/download/v0.66.0/opa_darwin_amd64,darwin,amd64,,TRUE
open-policy-agent,opa,v0.66.0,https://github.com/open-policy-agent/opa/releases/download/v0.66.0/opa_darwin_amd64.sha256,,,,FALSE
open-policy-agent,opa,v0.66.0,https://github.com/open-policy-agent/opa/releases/download/v0.66.0/opa_darwin_arm64_static,darwin,arm64,,TRUE
open-policy-agent,opa,v0.66.0,https://github.com/open-policy-agent/opa/releases/download/v0.66.0/opa_darwin_arm64_static.sha256,,,,FALSE
open-policy-agent,opa,v0.66.0,https://github.com/open-policy-agent/opa/releases/download/v0.66.0/opa_linux_amd64,linux,amd64,,TRUE
open-policy-agent,opa,v0.66.0,https://github.com/open-policy-agent/opa/releases/download/v0.66.0/opa_linux_amd64_static,linux,amd64,,TRUE
open-policy-agent,opa,v0.66.0,https://github.com/open-policy-agent/opa/releases/download/v0.66.0/opa_linux_amd64_static.sha256,,,,FALSE
open-policy-agent,opa,v0.66.0,https://github.com/open-policy-agent/opa/releases/download/v0.66.0/opa_linux_amd64.sha256,,,,FALSE
open-policy-agent,opa,v0.66.0,https://github.com/open-policy-agent/opa/releases/download/v0.66.0/opa_linux_arm64_static,linux,arm64,,TRUE
open-policy-agent,opa,v0.66.0,https://github.com/open-policy-agent/opa/releases/download/v0.66.0/opa_linux_arm64_static.sha256,,,,FALSE
open-policy-agent,opa,v0.66.0,https://github.com/open-policy-agent/opa/releases/download/v0.66.0/opa_windows_amd64.exe,windows,amd64,,TRUE
open-policy-agent,opa,v0.66.0,https://github.com/open-policy-agent/opa/releases/download/v0.66.0/opa_windows_amd64.exe.sha256,,,,FALSE
openshift-pipelines,pipelines-as-code,v0.27.2,https://github.com/openshift-pipelines/pipelines-as-code/releases/download/v0.27.2/checksums.txt,,,,FALSE
openshift-pipelines,pipelines-as-code,v0.27.2,https://github.com/openshift-pipelines/pipelines-as-code/releases/download/v0.27.2/release.k8s.yaml,,,,FALSE
openshift-pipelines,pipelines-as-code,v0.27.2,https://github.com/openshift-pipelines/pipelines-as-code/releases/download/v0.27.2/release.yaml,,,,FALSE
openshift-pipelines,pipelines-as-code,v0.27.2,https://github.com/openshift-pipelines/pipelines-as-code/releases/download/v0.27.2/tkn-pac_0.27.2_darwin_all.tar.gz,darwin,amd64,application/gzip,TRUE
openshift-pipelines,pipelines-as-code,v0.27.2,https://github.com/openshift-pipelines/pipelines-as-code/releases/download/v0.27.2/tkn-pac_0.27.2_linux_arm64.tar.gz,linux,arm64,application/gzip,TRUE
openshift-pipelines,pipelines-as-code,v0.27.2,https://github.com/openshift-pipelines/pipelines-as-code/releases/download/v0.27.2/tkn-pac_0.27.2_linux_ppc64le.tar.gz,linux,ppc64le,application/gzip,TRUE
openshift-pipelines,pipelines-as-code,v0.27.2,https://github.com/openshift-pipelines/pipelines-as-code/releases/download/v0.27.2/tkn-pac_0.27.2_linux_s390x.tar.gz,linux,s390x,application/gzip,TRUE
openshift-pipelines,pipelines-as-code,v0.27.2,https://github.com/openshift-pipelines/pipelines-as-code/releases/download/v0.27.2/tkn-pac_0.27.2_linux_x86_64.tar.gz,linux,amd64,application/gzip,TRUE
openshift-pipelines,pipelines-as-code,v0.27.2,https://github.com/openshift-pipelines/pipelines-as-code/releases/download/v0.27.2/tkn-pac_0.27.2_windows_arm64.zip,windows,arm64,,TRUE
openshift-pipelines,pipelines-as-code,v0.27.2,https://github.com/openshift-pipelines/pipelines-as-code/releases/download/v0.27.2/tkn-pac_0.27.2_windows_x86_64.zip,windows,amd64,,TRUE
openshift-pipelines,pipelines-as-code,v0.27.2,https://github.com/openshift-pipelines/pipelines-as-code/releases/download/v0.27.2/tkn-pac-0.27.2_linux-arm64.deb,,,,FALSE
openshift-pipelines,pipelines-as-code,v0.27.2,https://github.com/openshift-pipelines/pipelines-as-code/releases/download/v0.27.2/tkn-pac-0.27.2_linux-arm64.rpm,,,,FALSE
openshift-pipelines,pipelines-as-code,v0.27.2,https://github.com/openshift-pipelines/pipelines-as-code/releases/download/v0.27.2/tkn-pac-0.27.2_linux-ppc64le.deb,,,,FALSE
openshift-pipelines,pipelines-as-code,v0.27.2,https://github.com/openshift-pipelines/pipelines-as-code/releases/download/v0.27.2/tkn-pac-0.27.2_linux-ppc64le.rpm,,,,FALSE
openshift-pipelines,pipelines-as-code,v0.27.2,https://github.com/openshift-pipelines/pipelines-as-code/releases/download/v0.27.2/tkn-pac-0.27.2_linux-s390x.deb,,,,FALSE
openshift-pipelines,pipelines-as-code,v0.27.2,https://github.com/openshift-pipelines/pipelines-as-code/releases/download/v0.27.2/tkn-pac-0.27.2_linux-s390x.rpm,,,,FALSE
openshift-pipelines,pipelines-as-code,v0.27.2,https://github.com/openshift-pipelines/pipelines-as-code/releases/download/v0.27.2/tkn-pac-0.27.2_linux-x86_64.deb,,,,FALSE
openshift-pipelines,pipelines-as-code,v0.27.2,https://github.com/openshift-pipelines/pipelines-as-code/releases/download/v0.27.2/tkn-pac-0.27.2_linux-x86_64.rpm,,,,FALSE
protocolbuffers,protobuf,v27.2,https://github.com/protocolbuffers/protobuf/releases/download/v27.2/protobuf-27.2.tar.gz,,,application/gzip,FALSE
protocolbuffers,protobuf,v27.2,https://github.com/protocolbuffers/protobuf/releases/download/v27.2/protobuf-27.2.zip,,,,FALSE
protocolbuffers,protobuf,v27.2,https://github.com/protocolbuffers/protobuf/releases/download/v27.2/protoc-27.2-linux-aarch_64.zip,linux,arm64,,TRUE
protocolbuffers,protobuf,v27.2,https://github.com/protocolbuffers/protobuf/releases/download/v27.2/protoc-27.2-linux-ppcle_64.zip,linux,ppc64le,,TRUE
protocolbuffers,protobuf,v27.2,https://github.com/protocolbuffers/protobuf/releases/download/v27.2/protoc-27.2-linux-s390_64.zip,linux,s390x,,TRUE
protocolbuffers,protobuf,v27.2,https://github.com/protocolbuffers/protobuf/releases/download/v27.2/protoc-27.2-linux-x86_32.zip,linux,386,,TRUE
protocolbuffers,protobuf,v27.2,https://github.com/protocolbuffers/protobuf/releases/download/v27.2/protoc-27.2-linux-x86_64.zip,linux,amd64,,TRUE
protocolbuffers,protobuf,v27.2,https://github.com/protocolbuffers/protobuf/releases/download/v27.2/protoc-27.2-osx-aarch_64.zip,darwin,arm64,,TRUE
protocolbuffers,protobuf,v27.2,https://github.com/protocolbuffers/protobuf/releases/download/v27.2/protoc-27.2-osx-universal_binary.zip,darwin,amd64,,TRUE
protocolbuffers,protobuf,v27.2,https://github.com/protocolbuffers/protobuf/releases/download/v27.2/protoc-27.2-osx-x86_64.zip,darwin,amd64,,TRUE
protocolbuffers,protobuf,v27.2,https://github.com/protocolbuffers/protobuf/releases/download/v27.2/protoc-27.2-win32.zip,windows,386,,TRUE
protocolbuffers,protobuf,v27.2,https://github.com/protocolbuffers/protobuf/releases/download/v27.2/protoc-27.2-win64.zip,windows,amd64,,TRUE
snyk,cli,v1.1292.1,https://github.com/snyk/cli/releases/download/v1.1292.1/ls-protocol-version-12,,,,FALSE
snyk,cli,v1.1292.1,https://github.com/snyk/cli/releases/download/v1.1292.1/sha256sums.txt.asc,,,,FALSE
snyk,cli,v1.1292.1,https://github.com/snyk/cli/releases/download/v1.1292.1/snyk-alpine,linux,amd64,,TRUE
snyk,cli,v1.1292.1,https://github.com/snyk/cli/releases/download/v1.1292.1/snyk-alpine.sha256,,,,FALSE
snyk,cli,v1.1292.1,https://github.com/snyk/cli/releases/download/v1.1292.1/snyk-linux,linux,amd64,,TRUE
snyk,cli,v1.1292.1,https://github.com/snyk/cli/releases/download/v1.1292.1/snyk-linux-arm64,linux,arm64,,TRUE
snyk,cli,v1.1292.1,https://github.com/snyk/cli/releases/download/v1.1292.1/snyk-linux-arm64.sha256,,,,FALSE
snyk,cli,v1.1292.1,https://github.com/snyk/cli/releases/download/v1.1292.1/snyk-linux.sha256,,,,FALSE
snyk,cli,v1.1292.1,https://github.com/snyk/cli/releases/download/v1.1292.1/snyk-macos,darwin,amd64,,TRUE
snyk,cli,v1.1292.1,https://github.com/snyk/cli/releases/download/v1.1292.1/snyk-macos-arm64,darwin,arm64,,TRUE
snyk,cli,v1.1292.1,https://github.com/snyk/cli/releases/download/v1.1292.1/snyk-macos-arm64.sha256,,,,FALSE
snyk,cli,v1.1292.1,https://github.com/snyk/cli/releases/download/v1.1292.1/snyk-macos.sha256,,,,FALSE
snyk,cli,v1.1292.1,https://github.com/snyk/cli/releases/download/v1.1292.1/snyk-win.exe,windows,amd64,,TRUE
snyk,cli,v1.1292.1,https://github.com/snyk/cli/releases/download/v1.1292.1/snyk-win.exe.sha256,,,,FALSE
starship,starship,v1.19.0,https://github.com/starship/starship/releases/download/v1.19.0/starship-aarch64-apple-darwin.pkg,,,,FALSE
starship,starship,v1.19.0,https://github.com/starship/starship/releases/download/v1.19.0/starship-aarch64-apple-darwin.pkg.sha256,,,,FALSE
starship,starship,v1.19.0,https://github.com/starship/starship/releases/download/v1.19.0/starship-aarch64-apple-darwin.tar.gz,darwin,arm64,application/gzip,TRUE
starship,starship,v1.19.0,https://github.com/starship/starship/releases/download/v1.19.0/starship-aarch64-apple-darwin.tar.gz.sha256,,,,FALSE
starship,starship,v1.19.0,https://github.com/starship/starship/releases/download/v1.19.0/starship-aarch64-pc-windows-msvc.msi,,,,FALSE
starship,starship,v1.19.0,https://github.com/starship/starship/releases/download/v1.19.0/starship-aarch64-pc-windows-msvc.msi.sha256,,,,FALSE
starship,starship,v1.19.0,https://github.com/starship/starship/releases/download/v1.19.0/starship-aarch64-pc-windows-msvc.zip,windows,arm64,,TRUE
starship,starship,v1.19.0,https://github.com/starship/starship/releases/download/v1.19.0/starship-aarch64-pc-windows-msvc.zip.sha256,,,,FALSE
starship,starship,v1.19.0,https://github.com/starship/starship/releases/download/v1.19.0/starship-aarch64-unknown-linux-musl.tar.gz,linux,arm64,application/gzip,TRUE
starship,starship,v1.19.0,https://github.com/starship/starship/releases/download/v1.19.0/starship-aarch64-unknown-linux-musl.tar.gz.sha256,,,,FALSE
starship,starship,v1.19.0,https://github.com/starship/starship/releases/download/v1.19.0/starship-arm-unknown-linux-musleabihf.tar.gz,linux,arm,application/gzip,TRUE
starship,starship,v1.19.0,https://github.com/starship/starship/releases/download/v1.19.0/starship-arm-unknown-linux-musleabihf.tar.gz.sha256,,,,FALSE
starship,starship,v1.19.0,https://github.com/starship/starship/releases/download/v1.19.0/starship-i686-pc-windows-msvc.msi,,,,FALSE
starship,starship,v1.19.0,https://github.com/starship/starship/releases/download/v1.19.0/starship-i686-pc-windows-msvc.msi.sha256,,,,FALSE
starship,starship,v1.19.0,https://github.com/starship/starship/releases/download/v1.19.0/starship-i686-pc-windows-msvc.zip,windows,386,,TRUE
starship,starship,v1.19.0,https://github.com/starship/starship/releases/download/v1.19.0/starship-i686-pc-windows-msvc.zip.sha256,,,,FALSE
starship,starship,v1.19.0,https://github.com/starship/starship/releases/download/v1.19.0/starship-i686-unknown-linux-musl.tar.gz,linux,386,application/gzip,TRUE
starship,starship,v1.19.0,https://github.com/starship/starship/releases/download/v1.19.0/starship-i686-unknown-linux-musl.tar.gz.sha256,,,,FALSE
starship,starship,v1.19.0,https://github.com/starship/starship/releases/download/v1.19.0/starship-x86_64-apple-darwin.pkg,,,,FALSE
starship,starship,v1.19.0,https://github.com/starship/starship/releases/download/v1.19.0/starship-x86_64-apple-darwin.pkg.sha256,,,,FALSE
starship,starship,v1.19.0,https://github.com/starship/starship/releases/download/v1.19.0/starship-x86_64-apple-darwin.tar.gz,darwin,amd64,application/gzip,TRUE
starship,starship,v1.19.0,https://github.com/starship/starship/releases/download/v1.19.0/starship-x86_64-apple-darwin.tar.gz.sha256,,,,FALSE
starship,starship,v1.19.0,https://github.com/starship/starship/releases/download/v1.19.0/starship-x86_64-pc-windows-msvc.msi,,,,FALSE
starship,starship,v1.19.0,https://github.com/starship/starship/releases/download/v1.19.0/starship-x86_64-pc-windows-msvc.msi.sha256,,,,FALSE
starship,starship,v1.19.0,https://github.com/starship/starship/releases/download/v1.19.0/starship-x86_64-pc-windows-msvc.zip,windows,amd64,,TRUE
starship,starship,v1.19.0,https://github.com/starship/starship/releases/download/v1.19.0/starship-x86_64-pc-windows-msvc.zip.sha256,,,,FALSE
starship,starship,v1.19.0,https://github.com/starship/starship/releases/download/v1.19.0/starship-x86_64-unknown-freebsd.tar.gz,freebsd,amd64,application/gzip,TRUE
starship,starship,v1.19.0,https://github.com/starship/starship/releases/download/v1.19.0/starship-x86_64-unknown-freebsd.tar.gz.sha256,,,,FALSE
starship,starship,v1.19.0,https://github.com/starship/starship/releases/download/v1.19.0/starship-x86_64-unknown-linux-gnu.tar.gz,linux,amd64,application/gzip,TRUE
starship,starship,v1.19.0,https://github.com/starship/starship/releases/download/v1.19.0/starship-x86_64-unknown-linux-gnu.tar.gz.sha256,,,,FALSE
starship,starship,v1.19.0,https://github.com/starship/starship/releases/download/v1.19.0/starship-x86_64-unknown-linux-musl.tar.gz,linux,amd64,application/gzip,TRUE
starship,starship,v1.19.0,https://github.com/starship/starship/releases/download/v1.19.0/starship-x86_64-unknown-linux-musl.tar.gz.sha256,,,,FALSE
tektoncd,cli,v0.37.0,https://github.com/tektoncd/cli/releases/download/v0.37.0/checksums.txt,,,,FALSE
tektoncd,cli,v0.37.0,https://github.com/tektoncd/cli/releases/download/v0.37.0/tektoncd-cli-0.37.0_Linux-64bit.deb,,,,FALSE
tektoncd,cli,v0.37.0,https://github.com/tektoncd/cli/releases/download/v0.37.0/tektoncd-cli-0.37.0_Linux-64bit.rpm,,,,FALSE
tektoncd,cli,v0.37.0,https://github.com/tektoncd/cli/releases/download/v0.37.0/tektoncd-cli-0.37.0_Linux-ARM64.deb,,,,FALSE
tektoncd,cli,v0.37.0,https://github.com/tektoncd/cli/releases/download/v0.37.0/tektoncd-cli-0.37.0_Linux-ARM64.rpm,,,,FALSE
tektoncd,cli,v0.37.0,https://github.com/tektoncd/cli/releases/download/v0.37.0/tektoncd-cli-0.37.0_Linux-ppc64le.deb,,,,FALSE
tektoncd,cli,v0.37.0,https://github.com/tektoncd/cli/releases/download/v0.37.0/tektoncd-cli-0.37.0_Linux-ppc64le.rpm,,,,FALSE
tektoncd,cli,v0.37.0,https://github.com/tektoncd/cli/releases/download/v0.37.0/tektoncd-cli-0.37.0_Linux-s390x.deb,,,,FALSE
tektoncd,cli,v0.37.0,https://github.com/tektoncd/cli/releases/download/v0.37.0/tektoncd-cli-0.37.0_Linux-s390x.rpm,,,,FALSE
tektoncd,cli,v0.37.0,https://github.com/tektoncd/cli/releases/download/v0.37.0/tkn_0.37.0_Darwin_all.tar.gz,darwin,amd64,application/gzip,TRUE
tektoncd,cli,v0.37.0,https://github.com/tektoncd/cli/releases/download/v0.37.0/tkn_0.37.0_Linux_aarch64.tar.gz,linux,arm64,application/gzip,TRUE
tektoncd,cli,v0.37.0,https://github.com/tektoncd/cli/releases/download/v0.37.0/tkn_0.37.0_Linux_ppc64le.tar.gz,linux,ppc64le,application/gzip,TRUE
tektoncd,cli,v0.37.0,https://github.com/tektoncd/cli/releases/download/v0.37.0/tkn_0.37.0_Linux_s390x.tar.gz,linux,s390x,application/gzip,TRUE
tektoncd,cli,v0.37.0,https://github.com/tektoncd/cli/releases/download/v0.37.0/tkn_0.37.0_Linux_x86_64.tar.gz,linux,amd64,application/gzip,TRUE
tektoncd,cli,v0.37.0,https://github.com/tektoncd/cli/releases/download/v0.37.0/tkn_0.37.0_Windows_aarch64.zip,windows,arm64,,TRUE
tektoncd,cli,v0.37.0,https://github.com/tektoncd/cli/releases/download/v0.37.0/tkn_0.37.0_Windows_x86_64.zip,windows,amd64,,TRUE
viaduct-ai,kustomize-sops,v4.3.2,https://github.com/viaduct-ai/kustomize-sops/releases/download/v4.3.2/checksums.txt,,,,FALSE
viaduct-ai,kustomize-sops,v4.3.2,https://github.com/viaduct-ai/kustomize-sops/releases/download/v4.3.2/ksops_4.3.2_Darwin_arm64.tar.gz,darwin,arm64,application/gzip,TRUE
viaduct-ai,kustomize-sops,v4.3.2,https://github.com/viaduct-ai/kustomize-sops/releases/download/v4.3.2/ksops_4.3.2_Darwin_x86_64.tar.gz,darwin,amd64,application/gzip,TRUE
viaduct-ai,kustomize-sops,v4.3.2,https://github.com/viaduct-ai/kustomize-sops/releases/download/v4.3.2/ksops_4.3.2_Linux_arm64.tar.gz,linux,arm64,application/gzip,TRUE
viaduct-ai,kustomize-sops,v4.3.2,https://github.com/viaduct-ai/kustomize-sops/releases/download/v4.3.2/ksops_4.3.2_Linux_i386.tar.gz,linux,386,application/gzip,TRUE
viaduct-ai,kustomize-sops,v4.3.2,https://github.com/viaduct-ai/kustomize-sops/releases/download/v4.3.2/ksops_4.3.2_Linux_x86_64.tar.gz,linux,amd64,application/gzip,TRUE
viaduct-ai,kustomize-sops,v4.3.2,https://github.com/viaduct-ai/kustomize-sops/releases/download/v4.3.2/ksops_4.3.2_Windows_arm64.tar.gz,windows,arm64,application/gzip,TRUE
viaduct-ai,kustomize-sops,v4.3.2,https://github.com/viaduct-ai/kustomize-sops/releases/download/v4.3.2/ksops_4.3.2_Windows_i386.tar.gz,windows,386,application/gzip,TRUE
viaduct-ai,kustomize-sops,v4.3.2,https://github.com/viaduct-ai/kustomize-sops/releases/download/v4.3.2/ksops_4.3.2_Windows_x86_64.tar.gz,windows,amd64,application/gzip,TRUE
viaduct-ai,kustomize-sops,v4.3.2,https://github.com/viaduct-ai/kustomize-sops/releases/download/v4.3.2/ksops_latest_Darwin_arm64.tar.gz,darwin,arm64,application/gzip,TRUE
viaduct-ai,kustomize-sops,v4.3.2,https://github.com/viaduct-ai/kustomize-sops/releases/download/v4.3.2/ksops_latest_Darwin_x86_64.tar.gz,darwin,amd64,application/gzip,TRUE
viaduct-ai,kustomize-sops,v4.3.2,https://github.com/viaduct-ai/kustomize-sops/releases/download/v4.3.2/ksops_latest_Linux_arm64.tar.gz,linux,arm64,application/gzip,TRUE
viaduct-ai,kustomize-sops,v4.3.2,https://github.com/viaduct-ai/kustomize-sops/releases/download/v4.3.2/ksops_latest_Linux_i386.tar.gz,linux,386,application/gzip,TRUE
viaduct-ai,kustomize-sops,v4.3.2,https://github.com/viaduct-ai/kustomize-sops/releases/download/v4.3.2/ksops_latest_Linux_x86_64.tar.gz,linux,amd64,application/gzip,TRUE
viaduct-ai,kustomize-sops,v4.3.2,https://github.com/viaduct-ai/kustomize-sops/releases/download/v4.3.2/ksops_latest_Windows_arm64.tar.gz,windows,arm64,application/gzip,TRUE
viaduct-ai,kustomize-sops,v4.3.2,https://github.com/viaduct-ai/kustomize-sops/releases/download/v4.3.2/ksops_latest_Windows_i386.tar.gz,windows,386,application/gzip,TRUE
viaduct-ai,kustomize-sops,v4.3.2,https://github.com/viaduct-ai/kustomize-sops/releases/download/v4.3.2/ksops_latest_Windows_x86_64.tar.gz,windows,amd64,application/gzip,TRUE
hashicorp,terraform,v1.9.1,https://releases.hashicorp.com/terraform/1.9.1/terraform_1.9.1_darwin_amd64.zip,darwin,amd64,,TRUE
hashicorp,terraform,v1.9.1,https://releases.hashicorp.com/terraform/1.9.1/terraform_1.9.1_darwin_arm64.zip,darwin,arm64,,TRUE
hashicorp,terraform,v1.9.1,https://releases.hashicorp.com/terraform/1.9.1/terraform_1.9.1_freebsd_386.zip,freebsd,386,,TRUE
hashicorp,terraform,v1.9.1,https://releases.hashicorp.com/terraform/1.9.1/terraform_1.9.1_freebsd_amd64.zip,freebsd,amd64,,TRUE
hashicorp,terraform,v1.9.1,https://releases.hashicorp.com/terraform/1.9.1/terraform_1.9.1_freebsd_arm.zip,freebsd,arm,,TRUE
hashicorp,terraform,v1.9.1,https://releases.hashicorp.com/terraform/1.9.1/terraform_1.9.1_linux_386.zip,linux,386,,TRUE
hashicorp,terraform,v1.9.1,https://releases.hashicorp.com/terraform/1.9.1/terraform_1.9.1_linux_amd64.zip,linux,amd64,,TRUE
hashicorp,terraform,v1.9.1,https://releases.hashicorp.com/terraform/1.9.1/terraform_1.9.1_linux_arm.zip,linux,arm,,TRUE
hashicorp,terraform,v1.9.1,https://releases.hashicorp.com/terraform/1.9.1/terraform_1.9.1_linux_arm64.zip,linux,arm64,,TRUE
hashicorp,terraform,v1.9.1,https://releases.hashicorp.com/terraform/1.9.1/terraform_1.9.1_openbsd_386.zip,openbsd,386,,TRUE
hashicorp,terraform,v1.9.1,https://releases.hashicorp.com/terraform/1.9.1/terraform_1.9.1_openbsd_amd64.zip,openbsd,amd64,,TRUE
hashicorp,terraform,v1.9.1,https://releases.hashicorp.com/terraform/1.9.1/terraform_1.9.1_solaris_amd64.zip,solaris,amd64,,TRUE
hashicorp,terraform,v1.9.1,https://releases.hashicorp.com/terraform/1.9.1/terraform_1.9.1_windows_386.zip,windows,386,,TRUE
hashicorp,terraform,v1.9.1,https://releases.hashicorp.com/terraform/1.9.1/terraform_1.9.1_windows_amd64.zip,windows,amd64,,TRUE
